date,district,LSG,Wards
2021-08-06,Alappuzha,5.0,10.0
2021-08-06,Ernakulam,11.0,19.0
2021-08-06,Idukki,0.0,0.0
2021-08-06,Kannur,5.0,8.0
2021-08-06,Kasaragod,1.0,17.0
2021-08-06,Kollam,2.0,5.0
2021-08-06,Kottayam,0.0,0.0
2021-08-06,Kozhikode,2.0,6.0
2021-08-06,Malappuram,11.0,94.0
2021-08-06,Palakkad,2.0,39.0
2021-08-06,Pathanamthitta,2.0,3.0
2021-08-06,Thiruvananthapuram,1.0,1.0
2021-08-06,Thrissur,9.0,51.0
2021-08-06,Wayanad,1.0,13.0
2021-08-06,total,,
2021-08-07,Alappuzha,5.0,10.0
2021-08-07,Ernakulam,11.0,19.0
2021-08-07,Idukki,0.0,0.0
2021-08-07,Kannur,5.0,8.0
2021-08-07,Kasaragod,1.0,17.0
2021-08-07,Kollam,2.0,5.0
2021-08-07,Kottayam,0.0,0.0
2021-08-07,Kozhikode,2.0,6.0
2021-08-07,Malappuram,11.0,94.0
2021-08-07,Palakkad,2.0,39.0
2021-08-07,Pathanamthitta,2.0,3.0
2021-08-07,Thiruvananthapuram,1.0,1.0
2021-08-07,Thrissur,9.0,51.0
2021-08-07,Wayanad,1.0,13.0
2021-08-07,total,,
2021-08-08,Alappuzha,5.0,10.0
2021-08-08,Ernakulam,11.0,19.0
2021-08-08,Idukki,0.0,0.0
2021-08-08,Kannur,5.0,8.0
2021-08-08,Kasaragod,1.0,17.0
2021-08-08,Kollam,2.0,5.0
2021-08-08,Kottayam,0.0,0.0
2021-08-08,Kozhikode,2.0,6.0
2021-08-08,Malappuram,11.0,94.0
2021-08-08,Palakkad,2.0,39.0
2021-08-08,Pathanamthitta,2.0,3.0
2021-08-08,Thiruvananthapuram,1.0,1.0
2021-08-08,Thrissur,9.0,51.0
2021-08-08,Wayanad,1.0,13.0
2021-08-08,total,,
2021-08-09,Alappuzha,5.0,10.0
2021-08-09,Ernakulam,11.0,19.0
2021-08-09,Idukki,0.0,0.0
2021-08-09,Kannur,5.0,8.0
2021-08-09,Kasaragod,1.0,17.0
2021-08-09,Kollam,2.0,5.0
2021-08-09,Kottayam,0.0,0.0
2021-08-09,Kozhikode,2.0,6.0
2021-08-09,Malappuram,11.0,94.0
2021-08-09,Palakkad,2.0,39.0
2021-08-09,Pathanamthitta,2.0,3.0
2021-08-09,Thiruvananthapuram,1.0,1.0
2021-08-09,Thrissur,9.0,51.0
2021-08-09,Wayanad,1.0,13.0
2021-08-09,total,,
2021-08-10,Alappuzha,5.0,10.0
2021-08-10,Ernakulam,11.0,19.0
2021-08-10,Idukki,0.0,0.0
2021-08-10,Kannur,5.0,8.0
2021-08-10,Kasaragod,1.0,17.0
2021-08-10,Kollam,2.0,5.0
2021-08-10,Kottayam,0.0,0.0
2021-08-10,Kozhikode,2.0,6.0
2021-08-10,Malappuram,11.0,94.0
2021-08-10,Palakkad,2.0,39.0
2021-08-10,Pathanamthitta,2.0,3.0
2021-08-10,Thiruvananthapuram,1.0,1.0
2021-08-10,Thrissur,9.0,51.0
2021-08-10,Wayanad,1.0,13.0
2021-08-10,total,,
2021-08-11,Alappuzha,5.0,10.0
2021-08-11,Ernakulam,11.0,19.0
2021-08-11,Idukki,0.0,0.0
2021-08-11,Kannur,5.0,8.0
2021-08-11,Kasaragod,1.0,17.0
2021-08-11,Kollam,2.0,5.0
2021-08-11,Kottayam,0.0,0.0
2021-08-11,Kozhikode,2.0,6.0
2021-08-11,Malappuram,11.0,94.0
2021-08-11,Palakkad,2.0,39.0
2021-08-11,Pathanamthitta,2.0,3.0
2021-08-11,Thiruvananthapuram,1.0,1.0
2021-08-11,Thrissur,9.0,51.0
2021-08-11,Wayanad,1.0,13.0
2021-08-11,total,,
2021-09-22,Alappuzha,41.0,93.0
2021-09-22,Ernakulam,69.0,163.0
2021-09-22,Idukki,20.0,35.0
2021-09-22,Kannur,18.0,24.0
2021-09-22,Kasaragod,2.0,4.0
2021-09-22,Kollam,29.0,47.0
2021-09-22,Kottayam,48.0,102.0
2021-09-22,Kozhikode,37.0,71.0
2021-09-22,Malappuram,10.0,14.0
2021-09-22,Palakkad,14.0,18.0
2021-09-22,Pathanamthitta,27.0,56.0
2021-09-22,Thiruvananthapuram,30.0,53.0
2021-09-22,Thrissur,60.0,119.0
2021-09-22,Wayanad,17.0,42.0
2021-09-22,total,,
2021-09-23,Alappuzha,41.0,93.0
2021-09-23,Ernakulam,69.0,163.0
2021-09-23,Idukki,20.0,35.0
2021-09-23,Kannur,18.0,24.0
2021-09-23,Kasaragod,2.0,4.0
2021-09-23,Kollam,29.0,47.0
2021-09-23,Kottayam,48.0,102.0
2021-09-23,Kozhikode,37.0,71.0
2021-09-23,Malappuram,10.0,14.0
2021-09-23,Palakkad,14.0,18.0
2021-09-23,Pathanamthitta,27.0,56.0
2021-09-23,Thiruvananthapuram,30.0,53.0
2021-09-23,Thrissur,60.0,119.0
2021-09-23,Wayanad,17.0,42.0
2021-09-23,total,,
2021-09-24,Alappuzha,41.0,93.0
2021-09-24,Ernakulam,69.0,163.0
2021-09-24,Idukki,20.0,35.0
2021-09-24,Kannur,18.0,24.0
2021-09-24,Kasaragod,2.0,4.0
2021-09-24,Kollam,29.0,47.0
2021-09-24,Kottayam,48.0,102.0
2021-09-24,Kozhikode,37.0,71.0
2021-09-24,Malappuram,10.0,14.0
2021-09-24,Palakkad,14.0,18.0
2021-09-24,Pathanamthitta,27.0,56.0
2021-09-24,Thiruvananthapuram,30.0,53.0
2021-09-24,Thrissur,60.0,119.0
2021-09-24,Wayanad,17.0,42.0
2021-09-24,total,,
2021-09-25,Alappuzha,41.0,93.0
2021-09-25,Ernakulam,69.0,163.0
2021-09-25,Idukki,20.0,35.0
2021-09-25,Kannur,18.0,24.0
2021-09-25,Kasaragod,2.0,4.0
2021-09-25,Kollam,29.0,47.0
2021-09-25,Kottayam,48.0,102.0
2021-09-25,Kozhikode,37.0,71.0
2021-09-25,Malappuram,10.0,14.0
2021-09-25,Palakkad,14.0,18.0
2021-09-25,Pathanamthitta,27.0,56.0
2021-09-25,Thiruvananthapuram,30.0,53.0
2021-09-25,Thrissur,60.0,119.0
2021-09-25,Wayanad,17.0,42.0
2021-09-25,total,,
2021-09-26,Alappuzha,41.0,93.0
2021-09-26,Ernakulam,69.0,163.0
2021-09-26,Idukki,20.0,35.0
2021-09-26,Kannur,18.0,24.0
2021-09-26,Kasaragod,2.0,4.0
2021-09-26,Kollam,29.0,47.0
2021-09-26,Kottayam,48.0,102.0
2021-09-26,Kozhikode,37.0,71.0
2021-09-26,Malappuram,10.0,14.0
2021-09-26,Palakkad,14.0,18.0
2021-09-26,Pathanamthitta,27.0,56.0
2021-09-26,Thiruvananthapuram,30.0,53.0
2021-09-26,Thrissur,60.0,119.0
2021-09-26,Wayanad,17.0,42.0
2021-09-26,total,,
2021-09-27,Alappuzha,41.0,93.0
2021-09-27,Ernakulam,69.0,163.0
2021-09-27,Idukki,20.0,35.0
2021-09-27,Kannur,18.0,24.0
2021-09-27,Kasaragod,2.0,4.0
2021-09-27,Kollam,29.0,47.0
2021-09-27,Kottayam,48.0,102.0
2021-09-27,Kozhikode,37.0,71.0
2021-09-27,Malappuram,10.0,14.0
2021-09-27,Palakkad,14.0,18.0
2021-09-27,Pathanamthitta,27.0,56.0
2021-09-27,Thiruvananthapuram,30.0,53.0
2021-09-27,Thrissur,60.0,119.0
2021-09-27,Wayanad,17.0,42.0
2021-09-27,total,,
2021-09-28,Alappuzha,36.0,63.0
2021-09-28,Ernakulam,61.0,142.0
2021-09-28,Idukki,23.0,37.0
2021-09-28,Kannur,9.0,10.0
2021-09-28,Kasaragod,4.0,5.0
2021-09-28,Kollam,26.0,44.0
2021-09-28,Kottayam,46.0,102.0
2021-09-28,Kozhikode,31.0,53.0
2021-09-28,Malappuram,5.0,6.0
2021-09-28,Palakkad,7.0,15.0
2021-09-28,Pathanamthitta,27.0,55.0
2021-09-28,Thiruvananthapuram,23.0,38.0
2021-09-28,Thrissur,53.0,147.0
2021-09-28,Wayanad,17.0,28.0
2021-09-28,total,,
2021-09-29,Alappuzha,36.0,63.0
2021-09-29,Ernakulam,61.0,142.0
2021-09-29,Idukki,23.0,37.0
2021-09-29,Kannur,9.0,10.0
2021-09-29,Kasaragod,4.0,5.0
2021-09-29,Kollam,26.0,44.0
2021-09-29,Kottayam,46.0,102.0
2021-09-29,Kozhikode,31.0,53.0
2021-09-29,Malappuram,5.0,6.0
2021-09-29,Palakkad,7.0,15.0
2021-09-29,Pathanamthitta,27.0,55.0
2021-09-29,Thiruvananthapuram,23.0,38.0
2021-09-29,Thrissur,53.0,147.0
2021-09-29,Wayanad,17.0,28.0
2021-09-29,total,,
2021-09-30,Alappuzha,36.0,63.0
2021-09-30,Ernakulam,61.0,142.0
2021-09-30,Idukki,23.0,37.0
2021-09-30,Kannur,9.0,10.0
2021-09-30,Kasaragod,4.0,5.0
2021-09-30,Kollam,26.0,44.0
2021-09-30,Kottayam,46.0,102.0
2021-09-30,Kozhikode,31.0,53.0
2021-09-30,Malappuram,5.0,6.0
2021-09-30,Palakkad,7.0,15.0
2021-09-30,Pathanamthitta,27.0,55.0
2021-09-30,Thiruvananthapuram,23.0,38.0
2021-09-30,Thrissur,53.0,147.0
2021-09-30,Wayanad,17.0,28.0
2021-09-30,total,,
2021-10-01,Alappuzha,36.0,63.0
2021-10-01,Ernakulam,61.0,142.0
2021-10-01,Idukki,23.0,37.0
2021-10-01,Kannur,9.0,10.0
2021-10-01,Kasaragod,4.0,5.0
2021-10-01,Kollam,26.0,44.0
2021-10-01,Kottayam,46.0,102.0
2021-10-01,Kozhikode,31.0,53.0
2021-10-01,Malappuram,5.0,6.0
2021-10-01,Palakkad,7.0,15.0
2021-10-01,Pathanamthitta,27.0,55.0
2021-10-01,Thiruvananthapuram,23.0,38.0
2021-10-01,Thrissur,53.0,147.0
2021-10-01,Wayanad,17.0,28.0
2021-10-01,total,,
2021-10-02,Alappuzha,36.0,63.0
2021-10-02,Ernakulam,61.0,142.0
2021-10-02,Idukki,23.0,37.0
2021-10-02,Kannur,9.0,10.0
2021-10-02,Kasaragod,4.0,5.0
2021-10-02,Kollam,26.0,44.0
2021-10-02,Kottayam,46.0,102.0
2021-10-02,Kozhikode,31.0,53.0
2021-10-02,Malappuram,5.0,6.0
2021-10-02,Palakkad,7.0,15.0
2021-10-02,Pathanamthitta,27.0,55.0
2021-10-02,Thiruvananthapuram,23.0,38.0
2021-10-02,Thrissur,53.0,147.0
2021-10-02,Wayanad,17.0,28.0
2021-10-02,total,,
2021-10-03,Alappuzha,36.0,63.0
2021-10-03,Ernakulam,61.0,142.0
2021-10-03,Idukki,23.0,37.0
2021-10-03,Kannur,9.0,10.0
2021-10-03,Kasaragod,4.0,5.0
2021-10-03,Kollam,26.0,44.0
2021-10-03,Kottayam,46.0,102.0
2021-10-03,Kozhikode,31.0,53.0
2021-10-03,Malappuram,5.0,6.0
2021-10-03,Palakkad,7.0,15.0
2021-10-03,Pathanamthitta,27.0,55.0
2021-10-03,Thiruvananthapuram,23.0,38.0
2021-10-03,Thrissur,53.0,147.0
2021-10-03,Wayanad,17.0,28.0
2021-10-03,total,,
2021-10-04,Alappuzha,36.0,63.0
2021-10-04,Ernakulam,61.0,142.0
2021-10-04,Idukki,23.0,37.0
2021-10-04,Kannur,9.0,10.0
2021-10-04,Kasaragod,4.0,5.0
2021-10-04,Kollam,26.0,44.0
2021-10-04,Kottayam,46.0,102.0
2021-10-04,Kozhikode,31.0,53.0
2021-10-04,Malappuram,5.0,6.0
2021-10-04,Palakkad,7.0,15.0
2021-10-04,Pathanamthitta,27.0,55.0
2021-10-04,Thiruvananthapuram,23.0,38.0
2021-10-04,Thrissur,53.0,147.0
2021-10-04,Wayanad,17.0,28.0
2021-10-04,total,,
2021-10-05,Alappuzha,36.0,63.0
2021-10-05,Ernakulam,61.0,142.0
2021-10-05,Idukki,23.0,37.0
2021-10-05,Kannur,9.0,10.0
2021-10-05,Kasaragod,4.0,5.0
2021-10-05,Kollam,26.0,44.0
2021-10-05,Kottayam,46.0,102.0
2021-10-05,Kozhikode,31.0,53.0
2021-10-05,Malappuram,5.0,6.0
2021-10-05,Palakkad,7.0,15.0
2021-10-05,Pathanamthitta,27.0,55.0
2021-10-05,Thiruvananthapuram,23.0,38.0
2021-10-05,Thrissur,53.0,147.0
2021-10-05,Wayanad,17.0,28.0
2021-10-05,total,,
2021-10-06,Alappuzha,36.0,63.0
2021-10-06,Ernakulam,61.0,142.0
2021-10-06,Idukki,23.0,37.0
2021-10-06,Kannur,9.0,10.0
2021-10-06,Kasaragod,4.0,5.0
2021-10-06,Kollam,26.0,44.0
2021-10-06,Kottayam,46.0,102.0
2021-10-06,Kozhikode,31.0,53.0
2021-10-06,Malappuram,5.0,6.0
2021-10-06,Palakkad,7.0,15.0
2021-10-06,Pathanamthitta,27.0,55.0
2021-10-06,Thiruvananthapuram,23.0,38.0
2021-10-06,Thrissur,53.0,147.0
2021-10-06,Wayanad,17.0,28.0
2021-10-06,total,,
2021-10-07,Alappuzha,16.0,22.0
2021-10-07,Ernakulam,44.0,72.0
2021-10-07,Idukki,21.0,37.0
2021-10-07,Kannur,6.0,6.0
2021-10-07,Kasaragod,4.0,5.0
2021-10-07,Kollam,11.0,12.0
2021-10-07,Kottayam,27.0,39.0
2021-10-07,Kozhikode,13.0,17.0
2021-10-07,Malappuram,1.0,1.0
2021-10-07,Palakkad,5.0,8.0
2021-10-07,Pathanamthitta,21.0,25.0
2021-10-07,Thiruvananthapuram,18.0,22.0
2021-10-07,Thrissur,28.0,52.0
2021-10-07,Wayanad,12.0,14.0
2021-10-07,total,,
2021-10-08,Alappuzha,16.0,22.0
2021-10-08,Ernakulam,44.0,72.0
2021-10-08,Idukki,21.0,37.0
2021-10-08,Kannur,6.0,6.0
2021-10-08,Kasaragod,4.0,5.0
2021-10-08,Kollam,11.0,12.0
2021-10-08,Kottayam,27.0,39.0
2021-10-08,Kozhikode,13.0,17.0
2021-10-08,Malappuram,1.0,1.0
2021-10-08,Palakkad,5.0,8.0
2021-10-08,Pathanamthitta,21.0,25.0
2021-10-08,Thiruvananthapuram,18.0,22.0
2021-10-08,Thrissur,28.0,52.0
2021-10-08,Wayanad,12.0,14.0
2021-10-08,total,,
2021-10-09,Alappuzha,16.0,22.0
2021-10-09,Ernakulam,44.0,72.0
2021-10-09,Idukki,21.0,37.0
2021-10-09,Kannur,6.0,6.0
2021-10-09,Kasaragod,4.0,5.0
2021-10-09,Kollam,11.0,12.0
2021-10-09,Kottayam,27.0,39.0
2021-10-09,Kozhikode,13.0,17.0
2021-10-09,Malappuram,1.0,1.0
2021-10-09,Palakkad,5.0,8.0
2021-10-09,Pathanamthitta,21.0,25.0
2021-10-09,Thiruvananthapuram,18.0,22.0
2021-10-09,Thrissur,28.0,52.0
2021-10-09,Wayanad,12.0,14.0
2021-10-09,total,,
2021-10-11,Alappuzha,16.0,22.0
2021-10-11,Ernakulam,44.0,72.0
2021-10-11,Idukki,21.0,37.0
2021-10-11,Kannur,6.0,6.0
2021-10-11,Kasaragod,4.0,5.0
2021-10-11,Kollam,11.0,12.0
2021-10-11,Kottayam,27.0,39.0
2021-10-11,Kozhikode,13.0,17.0
2021-10-11,Malappuram,1.0,1.0
2021-10-11,Palakkad,5.0,8.0
2021-10-11,Pathanamthitta,21.0,25.0
2021-10-11,Thiruvananthapuram,18.0,22.0
2021-10-11,Thrissur,28.0,52.0
2021-10-11,Wayanad,12.0,14.0
2021-10-11,total,,
2021-10-12,Alappuzha,16.0,22.0
2021-10-12,Ernakulam,44.0,72.0
2021-10-12,Idukki,21.0,37.0
2021-10-12,Kannur,6.0,6.0
2021-10-12,Kasaragod,4.0,5.0
2021-10-12,Kollam,11.0,12.0
2021-10-12,Kottayam,27.0,39.0
2021-10-12,Kozhikode,13.0,17.0
2021-10-12,Malappuram,1.0,1.0
2021-10-12,Palakkad,5.0,8.0
2021-10-12,Pathanamthitta,21.0,25.0
2021-10-12,Thiruvananthapuram,18.0,22.0
2021-10-12,Thrissur,28.0,52.0
2021-10-12,Wayanad,12.0,14.0
2021-10-12,total,,
2021-10-13,Alappuzha,7.0,9.0
2021-10-13,Ernakulam,42.0,58.0
2021-10-13,Idukki,14.0,19.0
2021-10-13,Kannur,6.0,6.0
2021-10-13,Kasaragod,2.0,2.0
2021-10-13,Kollam,4.0,5.0
2021-10-13,Kottayam,27.0,39.0
2021-10-13,Kozhikode,9.0,10.0
2021-10-13,Malappuram,0.0,0.0
2021-10-13,Palakkad,3.0,3.0
2021-10-13,Pathanamthitta,8.0,14.0
2021-10-13,Thiruvananthapuram,12.0,15.0
2021-10-13,Thrissur,17.0,23.0
2021-10-13,Wayanad,7.0,8.0
2021-10-13,total,,
2021-10-14,Alappuzha,7.0,9.0
2021-10-14,Ernakulam,42.0,58.0
2021-10-14,Idukki,14.0,19.0
2021-10-14,Kannur,6.0,6.0
2021-10-14,Kasaragod,2.0,2.0
2021-10-14,Kollam,4.0,5.0
2021-10-14,Kottayam,27.0,39.0
2021-10-14,Kozhikode,9.0,10.0
2021-10-14,Malappuram,0.0,0.0
2021-10-14,Palakkad,3.0,3.0
2021-10-14,Pathanamthitta,8.0,14.0
2021-10-14,Thiruvananthapuram,12.0,15.0
2021-10-14,Thrissur,17.0,23.0
2021-10-14,Wayanad,7.0,8.0
2021-10-14,total,,
2021-10-15,Alappuzha,7.0,9.0
2021-10-15,Ernakulam,42.0,58.0
2021-10-15,Idukki,14.0,19.0
2021-10-15,Kannur,6.0,6.0
2021-10-15,Kasaragod,2.0,2.0
2021-10-15,Kollam,4.0,5.0
2021-10-15,Kottayam,27.0,39.0
2021-10-15,Kozhikode,9.0,10.0
2021-10-15,Malappuram,0.0,0.0
2021-10-15,Palakkad,3.0,3.0
2021-10-15,Pathanamthitta,8.0,14.0
2021-10-15,Thiruvananthapuram,12.0,15.0
2021-10-15,Thrissur,17.0,23.0
2021-10-15,Wayanad,7.0,8.0
2021-10-15,total,,
2021-10-16,Alappuzha,7.0,9.0
2021-10-16,Ernakulam,42.0,58.0
2021-10-16,Idukki,14.0,19.0
2021-10-16,Kannur,6.0,6.0
2021-10-16,Kasaragod,2.0,2.0
2021-10-16,Kollam,4.0,5.0
2021-10-16,Kottayam,27.0,39.0
2021-10-16,Kozhikode,9.0,10.0
2021-10-16,Malappuram,0.0,0.0
2021-10-16,Palakkad,3.0,3.0
2021-10-16,Pathanamthitta,8.0,14.0
2021-10-16,Thiruvananthapuram,12.0,15.0
2021-10-16,Thrissur,17.0,23.0
2021-10-16,Wayanad,7.0,8.0
2021-10-16,total,,
2021-10-17,Alappuzha,7.0,9.0
2021-10-17,Ernakulam,42.0,58.0
2021-10-17,Idukki,14.0,19.0
2021-10-17,Kannur,6.0,6.0
2021-10-17,Kasaragod,2.0,2.0
2021-10-17,Kollam,4.0,5.0
2021-10-17,Kottayam,27.0,39.0
2021-10-17,Kozhikode,9.0,10.0
2021-10-17,Malappuram,0.0,0.0
2021-10-17,Palakkad,3.0,3.0
2021-10-17,Pathanamthitta,8.0,14.0
2021-10-17,Thiruvananthapuram,12.0,15.0
2021-10-17,Thrissur,17.0,23.0
2021-10-17,Wayanad,7.0,8.0
2021-10-17,total,,
2021-10-18,Alappuzha,7.0,9.0
2021-10-18,Ernakulam,42.0,58.0
2021-10-18,Idukki,14.0,19.0
2021-10-18,Kannur,6.0,6.0
2021-10-18,Kasaragod,2.0,2.0
2021-10-18,Kollam,4.0,5.0
2021-10-18,Kottayam,27.0,39.0
2021-10-18,Kozhikode,9.0,10.0
2021-10-18,Malappuram,0.0,0.0
2021-10-18,Palakkad,3.0,3.0
2021-10-18,Pathanamthitta,8.0,14.0
2021-10-18,Thiruvananthapuram,12.0,15.0
2021-10-18,Thrissur,17.0,23.0
2021-10-18,Wayanad,7.0,8.0
2021-10-18,total,,
2021-10-19,Alappuzha,7.0,9.0
2021-10-19,Ernakulam,42.0,58.0
2021-10-19,Idukki,14.0,19.0
2021-10-19,Kannur,6.0,6.0
2021-10-19,Kasaragod,2.0,2.0
2021-10-19,Kollam,4.0,5.0
2021-10-19,Kottayam,27.0,39.0
2021-10-19,Kozhikode,9.0,10.0
2021-10-19,Malappuram,0.0,0.0
2021-10-19,Palakkad,3.0,3.0
2021-10-19,Pathanamthitta,8.0,14.0
2021-10-19,Thiruvananthapuram,12.0,15.0
2021-10-19,Thrissur,17.0,23.0
2021-10-19,Wayanad,7.0,8.0
2021-10-19,total,,
2021-10-20,Alappuzha,7.0,9.0
2021-10-20,Ernakulam,42.0,58.0
2021-10-20,Idukki,14.0,19.0
2021-10-20,Kannur,6.0,6.0
2021-10-20,Kasaragod,2.0,2.0
2021-10-20,Kollam,4.0,5.0
2021-10-20,Kottayam,27.0,39.0
2021-10-20,Kozhikode,9.0,10.0
2021-10-20,Malappuram,0.0,0.0
2021-10-20,Palakkad,3.0,3.0
2021-10-20,Pathanamthitta,8.0,14.0
2021-10-20,Thiruvananthapuram,12.0,15.0
2021-10-20,Thrissur,17.0,23.0
2021-10-20,Wayanad,7.0,8.0
2021-10-20,total,,
2021-10-21,Alappuzha,7.0,9.0
2021-10-21,Ernakulam,42.0,58.0
2021-10-21,Idukki,14.0,19.0
2021-10-21,Kannur,6.0,6.0
2021-10-21,Kasaragod,2.0,2.0
2021-10-21,Kollam,4.0,5.0
2021-10-21,Kottayam,27.0,39.0
2021-10-21,Kozhikode,9.0,10.0
2021-10-21,Malappuram,0.0,0.0
2021-10-21,Palakkad,3.0,3.0
2021-10-21,Pathanamthitta,8.0,14.0
2021-10-21,Thiruvananthapuram,12.0,15.0
2021-10-21,Thrissur,17.0,23.0
2021-10-21,Wayanad,7.0,8.0
2021-10-21,total,,
2021-10-22,Alappuzha,7.0,9.0
2021-10-22,Ernakulam,42.0,58.0
2021-10-22,Idukki,14.0,19.0
2021-10-22,Kannur,6.0,6.0
2021-10-22,Kasaragod,2.0,2.0
2021-10-22,Kollam,4.0,5.0
2021-10-22,Kottayam,27.0,39.0
2021-10-22,Kozhikode,9.0,10.0
2021-10-22,Malappuram,0.0,0.0
2021-10-22,Palakkad,3.0,3.0
2021-10-22,Pathanamthitta,8.0,14.0
2021-10-22,Thiruvananthapuram,12.0,15.0
2021-10-22,Thrissur,17.0,23.0
2021-10-22,Wayanad,7.0,8.0
2021-10-22,total,,
2021-10-23,Alappuzha,7.0,9.0
2021-10-23,Ernakulam,42.0,58.0
2021-10-23,Idukki,14.0,19.0
2021-10-23,Kannur,6.0,6.0
2021-10-23,Kasaragod,2.0,2.0
2021-10-23,Kollam,4.0,5.0
2021-10-23,Kottayam,27.0,39.0
2021-10-23,Kozhikode,9.0,10.0
2021-10-23,Malappuram,0.0,0.0
2021-10-23,Palakkad,3.0,3.0
2021-10-23,Pathanamthitta,8.0,14.0
2021-10-23,Thiruvananthapuram,12.0,15.0
2021-10-23,Thrissur,17.0,23.0
2021-10-23,Wayanad,7.0,8.0
2021-10-23,total,,
2021-10-24,Alappuzha,7.0,9.0
2021-10-24,Ernakulam,42.0,58.0
2021-10-24,Idukki,14.0,19.0
2021-10-24,Kannur,6.0,6.0
2021-10-24,Kasaragod,2.0,2.0
2021-10-24,Kollam,4.0,5.0
2021-10-24,Kottayam,27.0,39.0
2021-10-24,Kozhikode,9.0,10.0
2021-10-24,Malappuram,0.0,0.0
2021-10-24,Palakkad,3.0,3.0
2021-10-24,Pathanamthitta,8.0,14.0
2021-10-24,Thiruvananthapuram,12.0,15.0
2021-10-24,Thrissur,17.0,23.0
2021-10-24,Wayanad,7.0,8.0
2021-10-24,total,,
2021-10-25,Alappuzha,7.0,9.0
2021-10-25,Ernakulam,42.0,58.0
2021-10-25,Idukki,14.0,19.0
2021-10-25,Kannur,6.0,6.0
2021-10-25,Kasaragod,2.0,2.0
2021-10-25,Kollam,4.0,5.0
2021-10-25,Kottayam,27.0,39.0
2021-10-25,Kozhikode,9.0,10.0
2021-10-25,Malappuram,0.0,0.0
2021-10-25,Palakkad,3.0,3.0
2021-10-25,Pathanamthitta,8.0,14.0
2021-10-25,Thiruvananthapuram,12.0,15.0
2021-10-25,Thrissur,17.0,23.0
2021-10-25,Wayanad,7.0,8.0
2021-10-25,total,,
2021-10-26,Alappuzha,7.0,9.0
2021-10-26,Ernakulam,42.0,58.0
2021-10-26,Idukki,14.0,19.0
2021-10-26,Kannur,6.0,6.0
2021-10-26,Kasaragod,2.0,2.0
2021-10-26,Kollam,4.0,5.0
2021-10-26,Kottayam,27.0,39.0
2021-10-26,Kozhikode,9.0,10.0
2021-10-26,Malappuram,0.0,0.0
2021-10-26,Palakkad,3.0,3.0
2021-10-26,Pathanamthitta,8.0,14.0
2021-10-26,Thiruvananthapuram,12.0,15.0
2021-10-26,Thrissur,17.0,23.0
2021-10-26,Wayanad,7.0,8.0
2021-10-26,total,,
2021-10-27,Alappuzha,7.0,9.0
2021-10-27,Ernakulam,42.0,58.0
2021-10-27,Idukki,14.0,19.0
2021-10-27,Kannur,6.0,6.0
2021-10-27,Kasaragod,2.0,2.0
2021-10-27,Kollam,4.0,5.0
2021-10-27,Kottayam,27.0,39.0
2021-10-27,Kozhikode,9.0,10.0
2021-10-27,Malappuram,0.0,0.0
2021-10-27,Palakkad,3.0,3.0
2021-10-27,Pathanamthitta,8.0,14.0
2021-10-27,Thiruvananthapuram,12.0,15.0
2021-10-27,Thrissur,17.0,23.0
2021-10-27,Wayanad,7.0,8.0
2021-10-27,total,,
2021-10-28,Alappuzha,7.0,9.0
2021-10-28,Ernakulam,42.0,58.0
2021-10-28,Idukki,14.0,19.0
2021-10-28,Kannur,6.0,6.0
2021-10-28,Kasaragod,2.0,2.0
2021-10-28,Kollam,4.0,5.0
2021-10-28,Kottayam,27.0,39.0
2021-10-28,Kozhikode,9.0,10.0
2021-10-28,Malappuram,0.0,0.0
2021-10-28,Palakkad,3.0,3.0
2021-10-28,Pathanamthitta,8.0,14.0
2021-10-28,Thiruvananthapuram,12.0,15.0
2021-10-28,Thrissur,17.0,23.0
2021-10-28,Wayanad,7.0,8.0
2021-10-28,total,,
2021-10-29,Alappuzha,0.0,0.0
2021-10-29,Ernakulam,28.0,50.0
2021-10-29,Idukki,9.0,16.0
2021-10-29,Kannur,0.0,0.0
2021-10-29,Kasaragod,2.0,2.0
2021-10-29,Kollam,5.0,5.0
2021-10-29,Kottayam,0.0,0.0
2021-10-29,Kozhikode,4.0,5.0
2021-10-29,Malappuram,0.0,0.0
2021-10-29,Palakkad,0.0,0.0
2021-10-29,Pathanamthitta,8.0,8.0
2021-10-29,Thiruvananthapuram,8.0,8.0
2021-10-29,Thrissur,8.0,16.0
2021-10-29,Wayanad,5.0,5.0
2021-10-29,total,,
2021-10-30,Alappuzha,0.0,0.0
2021-10-30,Ernakulam,28.0,50.0
2021-10-30,Idukki,9.0,16.0
2021-10-30,Kannur,0.0,0.0
2021-10-30,Kasaragod,2.0,2.0
2021-10-30,Kollam,5.0,5.0
2021-10-30,Kottayam,0.0,0.0
2021-10-30,Kozhikode,4.0,5.0
2021-10-30,Malappuram,0.0,0.0
2021-10-30,Palakkad,0.0,0.0
2021-10-30,Pathanamthitta,8.0,8.0
2021-10-30,Thiruvananthapuram,8.0,8.0
2021-10-30,Thrissur,8.0,16.0
2021-10-30,Wayanad,5.0,5.0
2021-10-30,total,,
2021-10-31,Alappuzha,0.0,0.0
2021-10-31,Ernakulam,28.0,50.0
2021-10-31,Idukki,9.0,16.0
2021-10-31,Kannur,0.0,0.0
2021-10-31,Kasaragod,2.0,2.0
2021-10-31,Kollam,5.0,5.0
2021-10-31,Kottayam,0.0,0.0
2021-10-31,Kozhikode,4.0,5.0
2021-10-31,Malappuram,0.0,0.0
2021-10-31,Palakkad,0.0,0.0
2021-10-31,Pathanamthitta,8.0,8.0
2021-10-31,Thiruvananthapuram,8.0,8.0
2021-10-31,Thrissur,8.0,16.0
2021-10-31,Wayanad,5.0,5.0
2021-10-31,total,,
2021-11-01,Alappuzha,0.0,0.0
2021-11-01,Ernakulam,28.0,50.0
2021-11-01,Idukki,9.0,16.0
2021-11-01,Kannur,0.0,0.0
2021-11-01,Kasaragod,2.0,2.0
2021-11-01,Kollam,5.0,5.0
2021-11-01,Kottayam,0.0,0.0
2021-11-01,Kozhikode,4.0,5.0
2021-11-01,Malappuram,0.0,0.0
2021-11-01,Palakkad,0.0,0.0
2021-11-01,Pathanamthitta,8.0,8.0
2021-11-01,Thiruvananthapuram,8.0,8.0
2021-11-01,Thrissur,8.0,16.0
2021-11-01,Wayanad,5.0,5.0
2021-11-01,total,,
2021-11-02,Alappuzha,0.0,0.0
2021-11-02,Ernakulam,28.0,50.0
2021-11-02,Idukki,9.0,16.0
2021-11-02,Kannur,0.0,0.0
2021-11-02,Kasaragod,2.0,2.0
2021-11-02,Kollam,5.0,5.0
2021-11-02,Kottayam,0.0,0.0
2021-11-02,Kozhikode,4.0,5.0
2021-11-02,Malappuram,0.0,0.0
2021-11-02,Palakkad,0.0,0.0
2021-11-02,Pathanamthitta,8.0,8.0
2021-11-02,Thiruvananthapuram,8.0,8.0
2021-11-02,Thrissur,8.0,16.0
2021-11-02,Wayanad,5.0,5.0
2021-11-02,total,,
2021-11-03,Alappuzha,0.0,0.0
2021-11-03,Ernakulam,28.0,50.0
2021-11-03,Idukki,9.0,16.0
2021-11-03,Kannur,0.0,0.0
2021-11-03,Kasaragod,2.0,2.0
2021-11-03,Kollam,5.0,5.0
2021-11-03,Kottayam,0.0,0.0
2021-11-03,Kozhikode,4.0,5.0
2021-11-03,Malappuram,0.0,0.0
2021-11-03,Palakkad,0.0,0.0
2021-11-03,Pathanamthitta,8.0,8.0
2021-11-03,Thiruvananthapuram,8.0,8.0
2021-11-03,Thrissur,8.0,16.0
2021-11-03,Wayanad,5.0,5.0
2021-11-03,total,,
2021-11-04,Alappuzha,0.0,0.0
2021-11-04,Ernakulam,28.0,50.0
2021-11-04,Idukki,9.0,16.0
2021-11-04,Kannur,0.0,0.0
2021-11-04,Kasaragod,2.0,2.0
2021-11-04,Kollam,5.0,5.0
2021-11-04,Kottayam,0.0,0.0
2021-11-04,Kozhikode,4.0,5.0
2021-11-04,Malappuram,0.0,0.0
2021-11-04,Palakkad,0.0,0.0
2021-11-04,Pathanamthitta,8.0,8.0
2021-11-04,Thiruvananthapuram,8.0,8.0
2021-11-04,Thrissur,8.0,16.0
2021-11-04,Wayanad,5.0,5.0
2021-11-04,total,,
2021-11-05,Alappuzha,0.0,0.0
2021-11-05,Ernakulam,17.0,21.0
2021-11-05,Idukki,0.0,0.0
2021-11-05,Kannur,0.0,0.0
2021-11-05,Kasaragod,0.0,0.0
2021-11-05,Kollam,0.0,0.0
2021-11-05,Kottayam,0.0,0.0
2021-11-05,Kozhikode,,
2021-11-05,Malappuram,0.0,0.0
2021-11-05,Palakkad,0.0,0.0
2021-11-05,Pathanamthitta,5.0,5.0
2021-11-05,Thiruvananthapuram,4.0,4.0
2021-11-05,Thrissur,6.0,8.0
2021-11-05,Wayanad,5.0,6.0
2021-11-05,total,,
2021-11-06,Alappuzha,0.0,0.0
2021-11-06,Ernakulam,17.0,21.0
2021-11-06,Idukki,0.0,0.0
2021-11-06,Kannur,0.0,0.0
2021-11-06,Kasaragod,0.0,0.0
2021-11-06,Kollam,0.0,0.0
2021-11-06,Kottayam,0.0,0.0
2021-11-06,Kozhikode,,
2021-11-06,Malappuram,0.0,0.0
2021-11-06,Palakkad,0.0,0.0
2021-11-06,Pathanamthitta,5.0,5.0
2021-11-06,Thiruvananthapuram,4.0,4.0
2021-11-06,Thrissur,6.0,8.0
2021-11-06,Wayanad,5.0,6.0
2021-11-06,total,,
2021-11-07,Alappuzha,0.0,0.0
2021-11-07,Ernakulam,17.0,21.0
2021-11-07,Idukki,0.0,0.0
2021-11-07,Kannur,0.0,0.0
2021-11-07,Kasaragod,0.0,0.0
2021-11-07,Kollam,0.0,0.0
2021-11-07,Kottayam,0.0,0.0
2021-11-07,Kozhikode,,
2021-11-07,Malappuram,0.0,0.0
2021-11-07,Palakkad,0.0,0.0
2021-11-07,Pathanamthitta,5.0,5.0
2021-11-07,Thiruvananthapuram,4.0,4.0
2021-11-07,Thrissur,6.0,8.0
2021-11-07,Wayanad,5.0,6.0
2021-11-07,total,,
2021-11-08,Alappuzha,0.0,0.0
2021-11-08,Ernakulam,17.0,21.0
2021-11-08,Idukki,0.0,0.0
2021-11-08,Kannur,0.0,0.0
2021-11-08,Kasaragod,0.0,0.0
2021-11-08,Kollam,0.0,0.0
2021-11-08,Kottayam,0.0,0.0
2021-11-08,Kozhikode,,
2021-11-08,Malappuram,0.0,0.0
2021-11-08,Palakkad,0.0,0.0
2021-11-08,Pathanamthitta,5.0,5.0
2021-11-08,Thiruvananthapuram,4.0,4.0
2021-11-08,Thrissur,6.0,8.0
2021-11-08,Wayanad,5.0,6.0
2021-11-08,total,,
2021-11-09,Alappuzha,0.0,0.0
2021-11-09,Ernakulam,17.0,21.0
2021-11-09,Idukki,0.0,0.0
2021-11-09,Kannur,0.0,0.0
2021-11-09,Kasaragod,0.0,0.0
2021-11-09,Kollam,0.0,0.0
2021-11-09,Kottayam,0.0,0.0
2021-11-09,Kozhikode,,
2021-11-09,Malappuram,0.0,0.0
2021-11-09,Palakkad,0.0,0.0
2021-11-09,Pathanamthitta,5.0,5.0
2021-11-09,Thiruvananthapuram,4.0,4.0
2021-11-09,Thrissur,6.0,8.0
2021-11-09,Wayanad,5.0,6.0
2021-11-09,total,,
2021-11-10,Alappuzha,0.0,0.0
2021-11-10,Ernakulam,17.0,21.0
2021-11-10,Idukki,0.0,0.0
2021-11-10,Kannur,0.0,0.0
2021-11-10,Kasaragod,0.0,0.0
2021-11-10,Kollam,0.0,0.0
2021-11-10,Kottayam,0.0,0.0
2021-11-10,Kozhikode,,
2021-11-10,Malappuram,0.0,0.0
2021-11-10,Palakkad,0.0,0.0
2021-11-10,Pathanamthitta,5.0,5.0
2021-11-10,Thiruvananthapuram,4.0,4.0
2021-11-10,Thrissur,6.0,8.0
2021-11-10,Wayanad,5.0,6.0
2021-11-10,total,,
2021-11-12,Alappuzha,0.0,0.0
2021-11-12,Ernakulam,17.0,21.0
2021-11-12,Idukki,0.0,0.0
2021-11-12,Kannur,0.0,0.0
2021-11-12,Kasaragod,0.0,0.0
2021-11-12,Kollam,0.0,0.0
2021-11-12,Kottayam,0.0,0.0
2021-11-12,Kozhikode,,
2021-11-12,Malappuram,0.0,0.0
2021-11-12,Palakkad,0.0,0.0
2021-11-12,Pathanamthitta,5.0,5.0
2021-11-12,Thiruvananthapuram,4.0,4.0
2021-11-12,Thrissur,6.0,8.0
2021-11-12,Wayanad,5.0,6.0
2021-11-12,total,,
2021-11-13,Alappuzha,0.0,0.0
2021-11-13,Ernakulam,17.0,21.0
2021-11-13,Idukki,0.0,0.0
2021-11-13,Kannur,0.0,0.0
2021-11-13,Kasaragod,0.0,0.0
2021-11-13,Kollam,0.0,0.0
2021-11-13,Kottayam,0.0,0.0
2021-11-13,Kozhikode,,
2021-11-13,Malappuram,0.0,0.0
2021-11-13,Palakkad,0.0,0.0
2021-11-13,Pathanamthitta,5.0,5.0
2021-11-13,Thiruvananthapuram,4.0,4.0
2021-11-13,Thrissur,6.0,8.0
2021-11-13,Wayanad,5.0,6.0
2021-11-13,total,,
2021-11-14,Alappuzha,0.0,0.0
2021-11-14,Ernakulam,17.0,21.0
2021-11-14,Idukki,0.0,0.0
2021-11-14,Kannur,0.0,0.0
2021-11-14,Kasaragod,0.0,0.0
2021-11-14,Kollam,0.0,0.0
2021-11-14,Kottayam,0.0,0.0
2021-11-14,Kozhikode,,
2021-11-14,Malappuram,0.0,0.0
2021-11-14,Palakkad,0.0,0.0
2021-11-14,Pathanamthitta,5.0,5.0
2021-11-14,Thiruvananthapuram,4.0,4.0
2021-11-14,Thrissur,6.0,8.0
2021-11-14,Wayanad,5.0,6.0
2021-11-14,total,,
2021-11-15,Alappuzha,0.0,0.0
2021-11-15,Ernakulam,17.0,21.0
2021-11-15,Idukki,0.0,0.0
2021-11-15,Kannur,0.0,0.0
2021-11-15,Kasaragod,0.0,0.0
2021-11-15,Kollam,0.0,0.0
2021-11-15,Kottayam,0.0,0.0
2021-11-15,Kozhikode,,
2021-11-15,Malappuram,0.0,0.0
2021-11-15,Palakkad,0.0,0.0
2021-11-15,Pathanamthitta,5.0,5.0
2021-11-15,Thiruvananthapuram,4.0,4.0
2021-11-15,Thrissur,6.0,8.0
2021-11-15,Wayanad,5.0,6.0
2021-11-15,total,,
2021-11-16,Alappuzha,0.0,0.0
2021-11-16,Ernakulam,17.0,21.0
2021-11-16,Idukki,0.0,0.0
2021-11-16,Kannur,0.0,0.0
2021-11-16,Kasaragod,0.0,0.0
2021-11-16,Kollam,0.0,0.0
2021-11-16,Kottayam,0.0,0.0
2021-11-16,Kozhikode,,
2021-11-16,Malappuram,0.0,0.0
2021-11-16,Palakkad,0.0,0.0
2021-11-16,Pathanamthitta,5.0,5.0
2021-11-16,Thiruvananthapuram,4.0,4.0
2021-11-16,Thrissur,6.0,8.0
2021-11-16,Wayanad,5.0,6.0
2021-11-16,total,,
2021-11-17,Alappuzha,0.0,0.0
2021-11-17,Ernakulam,17.0,21.0
2021-11-17,Idukki,0.0,0.0
2021-11-17,Kannur,0.0,0.0
2021-11-17,Kasaragod,0.0,0.0
2021-11-17,Kollam,0.0,0.0
2021-11-17,Kottayam,0.0,0.0
2021-11-17,Kozhikode,,
2021-11-17,Malappuram,0.0,0.0
2021-11-17,Palakkad,0.0,0.0
2021-11-17,Pathanamthitta,5.0,5.0
2021-11-17,Thiruvananthapuram,4.0,4.0
2021-11-17,Thrissur,6.0,8.0
2021-11-17,Wayanad,5.0,6.0
2021-11-17,total,,
2021-11-18,Alappuzha,0.0,0.0
2021-11-18,Ernakulam,17.0,21.0
2021-11-18,Idukki,0.0,0.0
2021-11-18,Kannur,0.0,0.0
2021-11-18,Kasaragod,0.0,0.0
2021-11-18,Kollam,0.0,0.0
2021-11-18,Kottayam,0.0,0.0
2021-11-18,Kozhikode,,
2021-11-18,Malappuram,0.0,0.0
2021-11-18,Palakkad,0.0,0.0
2021-11-18,Pathanamthitta,5.0,5.0
2021-11-18,Thiruvananthapuram,4.0,4.0
2021-11-18,Thrissur,6.0,8.0
2021-11-18,Wayanad,5.0,6.0
2021-11-18,total,,
2021-11-19,Alappuzha,0.0,0.0
2021-11-19,Ernakulam,17.0,21.0
2021-11-19,Idukki,0.0,0.0
2021-11-19,Kannur,0.0,0.0
2021-11-19,Kasaragod,0.0,0.0
2021-11-19,Kollam,0.0,0.0
2021-11-19,Kottayam,0.0,0.0
2021-11-19,Kozhikode,,
2021-11-19,Malappuram,0.0,0.0
2021-11-19,Palakkad,0.0,0.0
2021-11-19,Pathanamthitta,5.0,5.0
2021-11-19,Thiruvananthapuram,4.0,4.0
2021-11-19,Thrissur,6.0,8.0
2021-11-19,Wayanad,5.0,6.0
2021-11-19,total,,
2021-11-20,Alappuzha,0.0,0.0
2021-11-20,Ernakulam,17.0,21.0
2021-11-20,Idukki,0.0,0.0
2021-11-20,Kannur,0.0,0.0
2021-11-20,Kasaragod,0.0,0.0
2021-11-20,Kollam,0.0,0.0
2021-11-20,Kottayam,0.0,0.0
2021-11-20,Kozhikode,,
2021-11-20,Malappuram,0.0,0.0
2021-11-20,Palakkad,0.0,0.0
2021-11-20,Pathanamthitta,5.0,5.0
2021-11-20,Thiruvananthapuram,4.0,4.0
2021-11-20,Thrissur,6.0,8.0
2021-11-20,Wayanad,5.0,6.0
2021-11-20,total,,
2021-11-21,Alappuzha,0.0,0.0
2021-11-21,Ernakulam,17.0,21.0
2021-11-21,Idukki,0.0,0.0
2021-11-21,Kannur,0.0,0.0
2021-11-21,Kasaragod,0.0,0.0
2021-11-21,Kollam,0.0,0.0
2021-11-21,Kottayam,0.0,0.0
2021-11-21,Kozhikode,,
2021-11-21,Malappuram,0.0,0.0
2021-11-21,Palakkad,0.0,0.0
2021-11-21,Pathanamthitta,5.0,5.0
2021-11-21,Thiruvananthapuram,4.0,4.0
2021-11-21,Thrissur,6.0,8.0
2021-11-21,Wayanad,5.0,6.0
2021-11-21,total,,
2021-11-22,Alappuzha,0.0,0.0
2021-11-22,Ernakulam,17.0,21.0
2021-11-22,Idukki,0.0,0.0
2021-11-22,Kannur,0.0,0.0
2021-11-22,Kasaragod,0.0,0.0
2021-11-22,Kollam,0.0,0.0
2021-11-22,Kottayam,0.0,0.0
2021-11-22,Kozhikode,,
2021-11-22,Malappuram,0.0,0.0
2021-11-22,Palakkad,0.0,0.0
2021-11-22,Pathanamthitta,5.0,5.0
2021-11-22,Thiruvananthapuram,4.0,4.0
2021-11-22,Thrissur,6.0,8.0
2021-11-22,Wayanad,5.0,6.0
2021-11-22,total,,
2021-11-23,Alappuzha,0.0,0.0
2021-11-23,Ernakulam,17.0,21.0
2021-11-23,Idukki,0.0,0.0
2021-11-23,Kannur,0.0,0.0
2021-11-23,Kasaragod,0.0,0.0
2021-11-23,Kollam,0.0,0.0
2021-11-23,Kottayam,0.0,0.0
2021-11-23,Kozhikode,,
2021-11-23,Malappuram,0.0,0.0
2021-11-23,Palakkad,0.0,0.0
2021-11-23,Pathanamthitta,5.0,5.0
2021-11-23,Thiruvananthapuram,4.0,4.0
2021-11-23,Thrissur,6.0,8.0
2021-11-23,Wayanad,5.0,6.0
2021-11-23,total,,
2021-11-24,Alappuzha,0.0,0.0
2021-11-24,Ernakulam,17.0,21.0
2021-11-24,Idukki,0.0,0.0
2021-11-24,Kannur,0.0,0.0
2021-11-24,Kasaragod,0.0,0.0
2021-11-24,Kollam,0.0,0.0
2021-11-24,Kottayam,0.0,0.0
2021-11-24,Kozhikode,,
2021-11-24,Malappuram,0.0,0.0
2021-11-24,Palakkad,0.0,0.0
2021-11-24,Pathanamthitta,5.0,5.0
2021-11-24,Thiruvananthapuram,4.0,4.0
2021-11-24,Thrissur,6.0,8.0
2021-11-24,Wayanad,5.0,6.0
2021-11-24,total,,
2021-11-25,Alappuzha,,
2021-11-25,Ernakulam,10.0,11.0
2021-11-25,Idukki,3.0,3.0
2021-11-25,Kannur,,
2021-11-25,Kasaragod,,
2021-11-25,Kollam,,
2021-11-25,Kottayam,,
2021-11-25,Kozhikode,,
2021-11-25,Malappuram,,
2021-11-25,Palakkad,,
2021-11-25,Pathanamthitta,,
2021-11-25,Thiruvananthapuram,,
2021-11-25,Thrissur,4.0,5.0
2021-11-25,Wayanad,2.0,2.0
2021-11-25,total,,
2021-11-26,Alappuzha,,
2021-11-26,Ernakulam,10.0,11.0
2021-11-26,Idukki,3.0,3.0
2021-11-26,Kannur,,
2021-11-26,Kasaragod,,
2021-11-26,Kollam,,
2021-11-26,Kottayam,,
2021-11-26,Kozhikode,,
2021-11-26,Malappuram,,
2021-11-26,Palakkad,,
2021-11-26,Pathanamthitta,,
2021-11-26,Thiruvananthapuram,,
2021-11-26,Thrissur,4.0,5.0
2021-11-26,Wayanad,2.0,2.0
2021-11-26,total,,
2021-11-27,Alappuzha,,
2021-11-27,Ernakulam,10.0,11.0
2021-11-27,Idukki,3.0,3.0
2021-11-27,Kannur,,
2021-11-27,Kasaragod,,
2021-11-27,Kollam,,
2021-11-27,Kottayam,,
2021-11-27,Kozhikode,,
2021-11-27,Malappuram,,
2021-11-27,Palakkad,,
2021-11-27,Pathanamthitta,,
2021-11-27,Thiruvananthapuram,,
2021-11-27,Thrissur,4.0,5.0
2021-11-27,Wayanad,2.0,2.0
2021-11-27,total,,
2021-11-29,Alappuzha,,
2021-11-29,Ernakulam,10.0,11.0
2021-11-29,Idukki,3.0,3.0
2021-11-29,Kannur,,
2021-11-29,Kasaragod,,
2021-11-29,Kollam,,
2021-11-29,Kottayam,,
2021-11-29,Kozhikode,,
2021-11-29,Malappuram,,
2021-11-29,Palakkad,,
2021-11-29,Pathanamthitta,,
2021-11-29,Thiruvananthapuram,,
2021-11-29,Thrissur,4.0,5.0
2021-11-29,Wayanad,2.0,2.0
2021-11-29,total,,
2021-11-30,Alappuzha,,
2021-11-30,Ernakulam,10.0,11.0
2021-11-30,Idukki,3.0,3.0
2021-11-30,Kannur,,
2021-11-30,Kasaragod,,
2021-11-30,Kollam,,
2021-11-30,Kottayam,,
2021-11-30,Kozhikode,,
2021-11-30,Malappuram,,
2021-11-30,Palakkad,,
2021-11-30,Pathanamthitta,,
2021-11-30,Thiruvananthapuram,,
2021-11-30,Thrissur,4.0,5.0
2021-11-30,Wayanad,2.0,2.0
2021-11-30,total,,
2021-12-01,Alappuzha,,
2021-12-01,Ernakulam,10.0,11.0
2021-12-01,Idukki,3.0,3.0
2021-12-01,Kannur,,
2021-12-01,Kasaragod,,
2021-12-01,Kollam,,
2021-12-01,Kottayam,,
2021-12-01,Kozhikode,,
2021-12-01,Malappuram,,
2021-12-01,Palakkad,,
2021-12-01,Pathanamthitta,,
2021-12-01,Thiruvananthapuram,,
2021-12-01,Thrissur,4.0,5.0
2021-12-01,Wayanad,2.0,2.0
2021-12-01,total,,
2021-12-02,Alappuzha,,
2021-12-02,Ernakulam,10.0,11.0
2021-12-02,Idukki,3.0,3.0
2021-12-02,Kannur,,
2021-12-02,Kasaragod,,
2021-12-02,Kollam,,
2021-12-02,Kottayam,,
2021-12-02,Kozhikode,,
2021-12-02,Malappuram,,
2021-12-02,Palakkad,,
2021-12-02,Pathanamthitta,,
2021-12-02,Thiruvananthapuram,,
2021-12-02,Thrissur,4.0,5.0
2021-12-02,Wayanad,2.0,2.0
2021-12-02,total,,
2021-12-03,Alappuzha,,
2021-12-03,Ernakulam,10.0,11.0
2021-12-03,Idukki,3.0,3.0
2021-12-03,Kannur,,
2021-12-03,Kasaragod,,
2021-12-03,Kollam,,
2021-12-03,Kottayam,,
2021-12-03,Kozhikode,,
2021-12-03,Malappuram,,
2021-12-03,Palakkad,,
2021-12-03,Pathanamthitta,,
2021-12-03,Thiruvananthapuram,,
2021-12-03,Thrissur,4.0,5.0
2021-12-03,Wayanad,2.0,2.0
2021-12-03,total,,
2021-12-04,Alappuzha,,
2021-12-04,Ernakulam,10.0,11.0
2021-12-04,Idukki,3.0,3.0
2021-12-04,Kannur,,
2021-12-04,Kasaragod,,
2021-12-04,Kollam,,
2021-12-04,Kottayam,,
2021-12-04,Kozhikode,,
2021-12-04,Malappuram,,
2021-12-04,Palakkad,,
2021-12-04,Pathanamthitta,,
2021-12-04,Thiruvananthapuram,,
2021-12-04,Thrissur,4.0,5.0
2021-12-04,Wayanad,2.0,2.0
2021-12-04,total,,
2021-12-05,Alappuzha,,
2021-12-05,Ernakulam,10.0,11.0
2021-12-05,Idukki,3.0,3.0
2021-12-05,Kannur,,
2021-12-05,Kasaragod,,
2021-12-05,Kollam,,
2021-12-05,Kottayam,,
2021-12-05,Kozhikode,,
2021-12-05,Malappuram,,
2021-12-05,Palakkad,,
2021-12-05,Pathanamthitta,,
2021-12-05,Thiruvananthapuram,,
2021-12-05,Thrissur,4.0,5.0
2021-12-05,Wayanad,2.0,2.0
2021-12-05,total,,
2021-12-06,Alappuzha,,
2021-12-06,Ernakulam,10.0,11.0
2021-12-06,Idukki,3.0,3.0
2021-12-06,Kannur,,
2021-12-06,Kasaragod,,
2021-12-06,Kollam,,
2021-12-06,Kottayam,,
2021-12-06,Kozhikode,,
2021-12-06,Malappuram,,
2021-12-06,Palakkad,,
2021-12-06,Pathanamthitta,,
2021-12-06,Thiruvananthapuram,,
2021-12-06,Thrissur,4.0,5.0
2021-12-06,Wayanad,2.0,2.0
2021-12-06,total,,
2021-12-07,Alappuzha,,
2021-12-07,Ernakulam,10.0,11.0
2021-12-07,Idukki,3.0,3.0
2021-12-07,Kannur,,
2021-12-07,Kasaragod,,
2021-12-07,Kollam,,
2021-12-07,Kottayam,,
2021-12-07,Kozhikode,,
2021-12-07,Malappuram,,
2021-12-07,Palakkad,,
2021-12-07,Pathanamthitta,,
2021-12-07,Thiruvananthapuram,,
2021-12-07,Thrissur,4.0,5.0
2021-12-07,Wayanad,2.0,2.0
2021-12-07,total,,
2021-12-08,Alappuzha,,
2021-12-08,Ernakulam,10.0,11.0
2021-12-08,Idukki,3.0,3.0
2021-12-08,Kannur,,
2021-12-08,Kasaragod,,
2021-12-08,Kollam,,
2021-12-08,Kottayam,,
2021-12-08,Kozhikode,,
2021-12-08,Malappuram,,
2021-12-08,Palakkad,,
2021-12-08,Pathanamthitta,,
2021-12-08,Thiruvananthapuram,,
2021-12-08,Thrissur,4.0,5.0
2021-12-08,Wayanad,2.0,2.0
2021-12-08,total,,
2021-12-09,Alappuzha,,
2021-12-09,Ernakulam,10.0,11.0
2021-12-09,Idukki,3.0,3.0
2021-12-09,Kannur,,
2021-12-09,Kasaragod,,
2021-12-09,Kollam,,
2021-12-09,Kottayam,,
2021-12-09,Kozhikode,,
2021-12-09,Malappuram,,
2021-12-09,Palakkad,,
2021-12-09,Pathanamthitta,,
2021-12-09,Thiruvananthapuram,,
2021-12-09,Thrissur,4.0,5.0
2021-12-09,Wayanad,2.0,2.0
2021-12-09,total,,
2021-12-10,Alappuzha,,
2021-12-10,Ernakulam,10.0,11.0
2021-12-10,Idukki,3.0,3.0
2021-12-10,Kannur,,
2021-12-10,Kasaragod,,
2021-12-10,Kollam,,
2021-12-10,Kottayam,,
2021-12-10,Kozhikode,,
2021-12-10,Malappuram,,
2021-12-10,Palakkad,,
2021-12-10,Pathanamthitta,,
2021-12-10,Thiruvananthapuram,,
2021-12-10,Thrissur,4.0,5.0
2021-12-10,Wayanad,2.0,2.0
2021-12-10,total,,
2021-12-11,Alappuzha,,
2021-12-11,Ernakulam,4.0,5.0
2021-12-11,Idukki,,
2021-12-11,Kannur,,
2021-12-11,Kasaragod,,
2021-12-11,Kollam,,
2021-12-11,Kottayam,,
2021-12-11,Kozhikode,,
2021-12-11,Malappuram,,
2021-12-11,Palakkad,,
2021-12-11,Pathanamthitta,,
2021-12-11,Thiruvananthapuram,,
2021-12-11,Thrissur,,
2021-12-11,Wayanad,1.0,1.0
2021-12-11,total,,
2021-12-12,Alappuzha,,
2021-12-12,Ernakulam,4.0,5.0
2021-12-12,Idukki,,
2021-12-12,Kannur,,
2021-12-12,Kasaragod,,
2021-12-12,Kollam,,
2021-12-12,Kottayam,,
2021-12-12,Kozhikode,,
2021-12-12,Malappuram,,
2021-12-12,Palakkad,,
2021-12-12,Pathanamthitta,,
2021-12-12,Thiruvananthapuram,,
2021-12-12,Thrissur,,
2021-12-12,Wayanad,1.0,1.0
2021-12-12,total,,
2021-12-13,Alappuzha,,
2021-12-13,Ernakulam,4.0,5.0
2021-12-13,Idukki,,
2021-12-13,Kannur,,
2021-12-13,Kasaragod,,
2021-12-13,Kollam,,
2021-12-13,Kottayam,,
2021-12-13,Kozhikode,,
2021-12-13,Malappuram,,
2021-12-13,Palakkad,,
2021-12-13,Pathanamthitta,,
2021-12-13,Thiruvananthapuram,,
2021-12-13,Thrissur,,
2021-12-13,Wayanad,1.0,1.0
2021-12-13,total,,
2021-12-14,Alappuzha,,
2021-12-14,Ernakulam,4.0,5.0
2021-12-14,Idukki,,
2021-12-14,Kannur,,
2021-12-14,Kasaragod,,
2021-12-14,Kollam,,
2021-12-14,Kottayam,,
2021-12-14,Kozhikode,,
2021-12-14,Malappuram,,
2021-12-14,Palakkad,,
2021-12-14,Pathanamthitta,,
2021-12-14,Thiruvananthapuram,,
2021-12-14,Thrissur,,
2021-12-14,Wayanad,1.0,1.0
2021-12-14,total,,
2021-12-15,Alappuzha,,
2021-12-15,Ernakulam,4.0,5.0
2021-12-15,Idukki,,
2021-12-15,Kannur,,
2021-12-15,Kasaragod,,
2021-12-15,Kollam,,
2021-12-15,Kottayam,,
2021-12-15,Kozhikode,,
2021-12-15,Malappuram,,
2021-12-15,Palakkad,,
2021-12-15,Pathanamthitta,,
2021-12-15,Thiruvananthapuram,,
2021-12-15,Thrissur,,
2021-12-15,Wayanad,1.0,1.0
2021-12-15,total,,
2021-12-16,Alappuzha,,
2021-12-16,Ernakulam,4.0,5.0
2021-12-16,Idukki,,
2021-12-16,Kannur,,
2021-12-16,Kasaragod,,
2021-12-16,Kollam,,
2021-12-16,Kottayam,,
2021-12-16,Kozhikode,,
2021-12-16,Malappuram,,
2021-12-16,Palakkad,,
2021-12-16,Pathanamthitta,,
2021-12-16,Thiruvananthapuram,,
2021-12-16,Thrissur,,
2021-12-16,Wayanad,1.0,1.0
2021-12-16,total,,
2021-12-17,Alappuzha,,
2021-12-17,Ernakulam,4.0,5.0
2021-12-17,Idukki,,
2021-12-17,Kannur,,
2021-12-17,Kasaragod,,
2021-12-17,Kollam,,
2021-12-17,Kottayam,,
2021-12-17,Kozhikode,,
2021-12-17,Malappuram,,
2021-12-17,Palakkad,,
2021-12-17,Pathanamthitta,,
2021-12-17,Thiruvananthapuram,,
2021-12-17,Thrissur,,
2021-12-17,Wayanad,1.0,1.0
2021-12-17,total,,
2021-12-18,Alappuzha,,
2021-12-18,Ernakulam,4.0,5.0
2021-12-18,Idukki,,
2021-12-18,Kannur,,
2021-12-18,Kasaragod,,
2021-12-18,Kollam,,
2021-12-18,Kottayam,,
2021-12-18,Kozhikode,,
2021-12-18,Malappuram,,
2021-12-18,Palakkad,,
2021-12-18,Pathanamthitta,,
2021-12-18,Thiruvananthapuram,,
2021-12-18,Thrissur,,
2021-12-18,Wayanad,1.0,1.0
2021-12-18,total,,
2021-12-19,Alappuzha,,
2021-12-19,Ernakulam,4.0,5.0
2021-12-19,Idukki,,
2021-12-19,Kannur,,
2021-12-19,Kasaragod,,
2021-12-19,Kollam,,
2021-12-19,Kottayam,,
2021-12-19,Kozhikode,,
2021-12-19,Malappuram,,
2021-12-19,Palakkad,,
2021-12-19,Pathanamthitta,,
2021-12-19,Thiruvananthapuram,,
2021-12-19,Thrissur,,
2021-12-19,Wayanad,1.0,1.0
2021-12-19,total,,
2021-12-20,Alappuzha,,
2021-12-20,Ernakulam,4.0,5.0
2021-12-20,Idukki,,
2021-12-20,Kannur,,
2021-12-20,Kasaragod,,
2021-12-20,Kollam,,
2021-12-20,Kottayam,,
2021-12-20,Kozhikode,,
2021-12-20,Malappuram,,
2021-12-20,Palakkad,,
2021-12-20,Pathanamthitta,,
2021-12-20,Thiruvananthapuram,,
2021-12-20,Thrissur,,
2021-12-20,Wayanad,1.0,1.0
2021-12-20,total,,
2021-12-21,Alappuzha,,
2021-12-21,Ernakulam,4.0,5.0
2021-12-21,Idukki,,
2021-12-21,Kannur,,
2021-12-21,Kasaragod,,
2021-12-21,Kollam,,
2021-12-21,Kottayam,,
2021-12-21,Kozhikode,,
2021-12-21,Malappuram,,
2021-12-21,Palakkad,,
2021-12-21,Pathanamthitta,,
2021-12-21,Thiruvananthapuram,,
2021-12-21,Thrissur,,
2021-12-21,Wayanad,1.0,1.0
2021-12-21,total,,
2021-12-22,Alappuzha,,
2021-12-22,Ernakulam,4.0,5.0
2021-12-22,Idukki,,
2021-12-22,Kannur,,
2021-12-22,Kasaragod,,
2021-12-22,Kollam,,
2021-12-22,Kottayam,,
2021-12-22,Kozhikode,,
2021-12-22,Malappuram,,
2021-12-22,Palakkad,,
2021-12-22,Pathanamthitta,,
2021-12-22,Thiruvananthapuram,,
2021-12-22,Thrissur,,
2021-12-22,Wayanad,1.0,1.0
2021-12-22,total,,
