date,district,cases_today,deaths_today,cases_total,deaths_total,under_treatment,cured_total,patients_belonging_other_states,deaths_belonging_other_states
2021-07-25,amritsar,0,0,60,4,39,12,,
2021-07-25,barnala,0,0,14,4,5,1,,
2021-07-25,bathinda,0,0,51,5,16,25,,
2021-07-25,faridkot,0,0,12,1,4,4,,
2021-07-25,fatehgarh sahib,0,0,9,1,4,4,,
2021-07-25,fazilka,0,0,16,1,2,8,,
2021-07-25,firozepur,1,0,17,1,7,7,,
2021-07-25,gurdaspur,1,0,30,3,18,6,,
2021-07-25,hoshiarpur,0,0,25,1,20,3,,
2021-07-25,jalandhar,0,0,54,6,33,13,,
2021-07-25,kapurthala,0,0,12,2,5,5,,
2021-07-25,ludhiana,0,0,108,8,35,46,,
2021-07-25,mansa,0,0,27,0,12,12,,
2021-07-25,moga,0,0,10,0,6,1,,
2021-07-25,pathankot,0,0,5,1,3,1,,
2021-07-25,patiala,0,0,32,2,18,7,,
2021-07-25,rupnagar (ropar),0,0,2,0,2,0,,
2021-07-25,s.a.s nagar,0,0,13,0,9,4,,
2021-07-25,sangrur,0,0,30,1,17,10,,
2021-07-25,shahid bhagat singh nagar(nawanshahr),0,0,9,1,8,0,,
2021-07-25,sri muktsar sahib,0,0,34,2,17,8,,
2021-07-25,tarn taran,0,0,19,1,14,4,,
2021-07-25,other states,0,0,70,6,33,23,,
2021-07-25,grand total,2,0,659,51,327,204,,
2021-07-24,amritsar,0,0,60,4,39,12,,
2021-07-24,barnala,0,0,14,4,5,1,,
2021-07-24,bathinda,0,0,51,5,15,26,,
2021-07-24,faridkot,0,0,12,1,4,4,,
2021-07-24,fatehgarh sahib,0,0,9,1,5,3,,
2021-07-24,fazilka,0,0,16,1,1,9,,
2021-07-24,firozepur,0,0,16,1,6,7,,
2021-07-24,gurdaspur,0,0,29,3,17,6,,
2021-07-24,hoshiarpur,0,0,25,1,20,3,,
2021-07-24,jalandhar,0,0,54,6,33,13,,
2021-07-24,kapurthala,0,0,12,2,5,5,,
2021-07-24,ludhiana,0,0,108,8,36,45,,
2021-07-24,mansa,0,0,27,0,12,12,,
2021-07-24,moga,0,0,10,0,6,1,,
2021-07-24,pathankot,0,0,5,1,3,1,,
2021-07-24,patiala,0,0,32,2,18,7,,
2021-07-24,rupnagar (ropar),0,0,2,0,2,0,,
2021-07-24,s.a.s nagar,0,0,13,0,9,4,,
2021-07-24,sangrur,0,0,30,1,17,10,,
2021-07-24,shahid bhagat singh nagar(nawanshahr),0,0,9,1,8,0,,
2021-07-24,sri muktsar sahib,0,0,34,2,17,8,,
2021-07-24,tarn taran,0,0,19,1,14,4,,
2021-07-24,other states,0,0,70,6,34,22,,
2021-07-24,grand total,0,0,657,51,326,203,,
2021-07-23,amritsar,0,0,60,4,39,12,,
2021-07-23,barnala,0,0,14,4,5,1,,
2021-07-23,bathinda,0,0,51,5,15,26,,
2021-07-23,faridkot,0,0,12,1,4,4,,
2021-07-23,fatehgarh sahib,0,0,9,1,5,3,,
2021-07-23,fazilka,0,0,16,1,1,9,,
2021-07-23,firozepur,0,0,16,1,6,7,,
2021-07-23,gurdaspur,0,0,29,3,17,6,,
2021-07-23,hoshiarpur,0,0,25,1,20,3,,
2021-07-23,jalandhar,0,0,54,6,33,13,,
2021-07-23,kapurthala,0,0,12,2,5,5,,
2021-07-23,ludhiana,1,0,108,8,36,45,,
2021-07-23,mansa,0,0,27,0,12,12,,
2021-07-23,moga,0,0,10,0,6,1,,
2021-07-23,pathankot,0,0,5,1,3,1,,
2021-07-23,patiala,0,0,32,2,18,7,,
2021-07-23,rupnagar (ropar),0,0,2,0,2,0,,
2021-07-23,s.a.s nagar,0,0,13,0,9,4,,
2021-07-23,sangrur,-1,0,30,1,17,10,,
2021-07-23,shahid bhagat singh nagar(nawanshahr),0,0,9,1,8,0,,
2021-07-23,sri muktsar sahib,0,0,34,2,17,8,,
2021-07-23,tarn taran,0,0,19,1,14,4,,
2021-07-23,other states,0,0,70,6,34,22,,
2021-07-23,grand total,0,0,657,51,326,203,,
2021-07-22,amritsar,0,0,60,4,39,12,,
2021-07-22,barnala,0,0,14,4,5,1,,
2021-07-22,bathinda,0,0,51,5,15,26,,
2021-07-22,faridkot,0,0,12,1,5,4,,
2021-07-22,fatehgarh sahib,0,0,9,1,5,3,,
2021-07-22,fazilka,0,0,16,1,1,9,,
2021-07-22,firozepur,0,0,16,1,6,7,,
2021-07-22,gurdaspur,0,0,29,3,17,6,,
2021-07-22,hoshiarpur,0,0,25,1,20,3,,
2021-07-22,jalandhar,0,0,54,6,33,13,,
2021-07-22,kapurthala,0,0,12,2,5,5,,
2021-07-22,ludhiana,0,0,107,8,35,45,,
2021-07-22,mansa,0,0,27,0,12,12,,
2021-07-22,moga,0,0,10,0,6,1,,
2021-07-22,pathankot,0,0,5,1,3,1,,
2021-07-22,patiala,2,0,32,2,18,7,,
2021-07-22,rupnagar (ropar),0,0,2,0,2,0,,
2021-07-22,s.a.s nagar,0,0,13,0,9,4,,
2021-07-22,sangrur,1,0,31,1,18,10,,
2021-07-22,shahid bhagat singh nagar(nawanshahr),0,0,9,1,8,0,,
2021-07-22,sri muktsar sahib,0,0,34,2,17,8,,
2021-07-22,tarn taran,0,0,19,1,14,4,,
2021-07-22,other states,0,0,70,6,34,22,,
2021-07-22,grand total,3,0,657,51,327,203,,
2021-07-21,amritsar,0,0,60,4,39,12,,
2021-07-21,barnala,0,0,14,4,5,1,,
2021-07-21,bathinda,0,0,51,5,15,26,,
2021-07-21,faridkot,0,0,12,1,5,4,,
2021-07-21,fatehgarh sahib,0,0,9,1,5,3,,
2021-07-21,fazilka,0,0,16,1,1,9,,
2021-07-21,firozepur,0,0,16,1,6,7,,
2021-07-21,gurdaspur,0,0,29,3,17,6,,
2021-07-21,hoshiarpur,0,0,25,1,20,3,,
2021-07-21,jalandhar,0,0,54,6,33,13,,
2021-07-21,kapurthala,0,0,12,2,5,5,,
2021-07-21,ludhiana,0,0,107,8,36,44,,
2021-07-21,mansa,0,0,27,0,12,12,,
2021-07-21,moga,0,0,10,0,6,1,,
2021-07-21,pathankot,0,0,5,1,3,1,,
2021-07-21,patiala,0,0,30,2,16,7,,
2021-07-21,rupnagar (ropar),0,0,2,0,2,0,,
2021-07-21,s.a.s nagar,0,0,13,0,9,4,,
2021-07-21,sangrur,0,0,30,1,17,10,,
2021-07-21,shahid bhagat singh nagar(nawanshahr),0,0,9,1,8,0,,
2021-07-21,sri muktsar sahib,0,0,34,2,17,8,,
2021-07-21,tarn taran,0,0,19,1,14,4,,
2021-07-21,other states,0,0,70,6,34,22,,
2021-07-20,amritsar,0,0,60,4,39,12,,
2021-07-20,barnala,0,0,14,4,5,1,,
2021-07-20,bathinda,0,0,51,5,16,25,,
2021-07-20,faridkot,0,0,12,1,5,4,,
2021-07-20,fatehgarh sahib,0,0,9,1,5,3,,
2021-07-20,fazilka,0,0,16,1,1,9,,
2021-07-20,firozepur,0,0,16,1,6,7,,
2021-07-20,gurdaspur,0,0,29,3,17,6,,
2021-07-20,hoshiarpur,0,0,25,1,20,3,,
2021-07-20,jalandhar,0,0,54,6,33,13,,
2021-07-20,kapurthala,0,0,12,2,5,5,,
2021-07-20,ludhiana,0,0,107,8,36,44,,
2021-07-20,mansa,0,0,27,0,12,12,,
2021-07-20,moga,0,0,10,0,6,1,,
2021-07-20,pathankot,0,0,5,1,3,1,,
2021-07-20,patiala,0,0,30,2,16,7,,
2021-07-20,rupnagar (ropar),0,0,2,0,2,0,,
2021-07-20,s.a.s nagar,0,0,13,0,9,4,,
2021-07-20,sangrur,0,0,30,1,17,10,,
2021-07-20,shahid bhagat singh nagar(nawanshahr),0,0,9,1,8,0,,
2021-07-20,sri muktsar sahib,0,0,34,2,17,8,,
2021-07-20,tarn taran,0,0,19,1,14,4,,
2021-07-20,other states,0,0,70,6,34,22,,
2021-07-20,grand total,0,0,654,51,326,201,,
2021-07-19,amritsar,0,0,60,4,39,12,,
2021-07-19,barnala,0,0,14,4,5,1,,
2021-07-19,bathinda,0,0,51,5,17,24,,
2021-07-19,faridkot,0,0,12,1,5,4,,
2021-07-19,fatehgarh sahib,1,0,9,1,5,3,,
2021-07-19,fazilka,0,0,16,1,1,9,,
2021-07-19,firozepur,0,0,16,1,6,7,,
2021-07-19,gurdaspur,1,0,29,3,17,6,,
2021-07-19,hoshiarpur,0,0,25,1,20,3,,
2021-07-19,jalandhar,0,0,54,6,34,12,,
2021-07-19,kapurthala,0,0,12,2,5,5,,
2021-07-19,ludhiana,0,0,107,8,36,44,,
2021-07-19,mansa,0,0,27,0,12,12,,
2021-07-19,moga,0,0,10,0,6,1,,
2021-07-19,pathankot,0,0,5,1,3,1,,
2021-07-19,patiala,0,0,30,2,16,7,,
2021-07-19,rupnagar (ropar),0,0,2,0,2,0,,
2021-07-19,s.a.s nagar,0,0,13,0,9,4,,
2021-07-19,sangrur,0,0,30,1,17,10,,
2021-07-19,shahidbhagat singh nagar(nawanshahr),0,0,9,1,8,0,,
2021-07-19,sri muktsar sahib,0,0,34,2,17,8,,
2021-07-19,tarn taran,0,0,19,1,14,4,,
2021-07-19,other states,1,0,70,6,34,22,,
2021-07-19,grand total,3,0,654,51,328,199,,
2021-07-18,amritsar,0,0,60,4,39,12,,
2021-07-18,barnala,0,0,14,4,5,1,,
2021-07-18,bathinda,0,0,51,5,17,24,,
2021-07-18,faridkot,0,0,12,1,6,3,,
2021-07-18,fatehgarh sahib,0,0,8,1,4,3,,
2021-07-18,fazilka,0,0,16,1,1,9,,
2021-07-18,firozepur,0,0,16,1,6,7,,
2021-07-18,gurdaspur,0,0,28,3,16,6,,
2021-07-18,hoshiarpur,0,0,25,1,20,3,,
2021-07-18,jalandhar,1,0,54,6,34,12,,
2021-07-18,kapurthala,0,0,12,2,5,5,,
2021-07-18,ludhiana,0,0,107,8,36,44,,
2021-07-18,mansa,0,0,27,0,12,12,,
2021-07-18,moga,0,0,10,0,6,1,,
2021-07-18,pathankot,0,0,5,1,3,1,,
2021-07-18,patiala,0,0,30,2,18,5,,
2021-07-18,rupnagar (ropar),0,0,2,0,2,0,,
2021-07-18,s.a.s nagar,0,0,13,0,9,4,,
2021-07-18,sangrur,0,0,30,1,17,10,,
2021-07-18,shahid bhagat singh nagar(nawanshahr),0,0,9,1,8,0,,
2021-07-18,sri muktsar sahib,0,0,34,2,17,8,,
2021-07-18,tarn taran,0,0,19,1,13,4,,
2021-07-18,other states,0,0,69,6,33,22,,
2021-07-18,grand total,1,0,651,51,327,196,,
2021-07-17,amritsar,0,0,60,4,39,12,,
2021-07-17,barnala,0,0,14,4,5,1,,
2021-07-17,bathinda,0,0,51,5,17,24,,
2021-07-17,faridkot,0,0,12,1,6,3,,
2021-07-17,fatehgarh sahib,0,0,8,1,4,3,,
2021-07-17,fazilka,0,0,16,1,1,9,,
2021-07-17,firozepur,0,0,16,1,6,7,,
2021-07-17,gurdaspur,0,0,28,3,16,6,,
2021-07-17,hoshiarpur,0,0,25,1,20,3,,
2021-07-17,jalandhar,1,0,53,6,33,12,,
2021-07-17,kapurthala,0,0,12,2,5,5,,
2021-07-17,ludhiana,0,0,107,8,36,44,,
2021-07-17,mansa,0,0,27,0,12,12,,
2021-07-17,moga,0,0,10,0,6,1,,
2021-07-17,pathankot,0,0,5,1,3,1,,
2021-07-17,patiala,0,0,30,2,18,5,,
2021-07-17,rupnagar (ropar),0,0,2,0,2,0,,
2021-07-17,s.a.s nagar,0,0,13,0,9,4,,
2021-07-17,sangrur,0,0,30,1,17,10,,
2021-07-17,shahid bhagat singh nagar(nawanshahr),0,0,9,1,8,0,,
2021-07-17,sri muktsar sahib,0,0,34,2,17,8,,
2021-07-17,tarn taran,1,0,19,1,13,4,,
2021-07-17,other states,0,0,69,6,33,22,,
2021-07-17,grand total,2,0,650,51,326,196,,
2021-07-16,amritsar,1,0,60,4,39,12,,
2021-07-16,barnala,0,0,14,4,5,1,,
2021-07-16,bathinda,0,0,51,5,17,24,,
2021-07-16,faridkot,0,0,12,1,6,3,,
2021-07-16,fatehgarh sahib,0,0,8,1,4,3,,
2021-07-16,fazilka,0,0,16,1,2,8,,
2021-07-16,firozepur,1,0,16,1,6,7,,
2021-07-16,gurdaspur,0,0,28,3,16,6,,
2021-07-16,hoshiarpur,0,0,25,1,20,3,,
2021-07-16,jalandhar,1,0,52,6,32,12,,
2021-07-16,kapurthala,0,0,12,2,5,5,,
2021-07-16,ludhiana,0,0,107,8,36,44,,
2021-07-16,mansa,0,0,27,0,12,12,,
2021-07-16,moga,0,0,10,0,6,1,,
2021-07-16,pathankot,0,0,5,1,3,1,,
2021-07-16,patiala,0,0,30,2,18,5,,
2021-07-16,rupnagar (ropar),0,0,2,0,2,0,,
2021-07-16,s.a.s nagar,0,0,13,0,9,4,,
2021-07-16,sangrur,1,0,30,1,17,10,,
2021-07-16,shahidbhagat singh nagar(nawanshahr),0,0,9,1,8,0,,
2021-07-16,sri muktsar sahib,0,0,34,2,17,8,,
2021-07-16,tarn taran,0,0,18,1,13,4,,
2021-07-16,other states,0,0,69,6,33,22,,
2021-07-16,grand total,4,0,648,51,326,195,,
2021-07-15,amritsar,0,0,59,4,38,12,,
2021-07-15,barnala,0,0,14,4,5,1,,
2021-07-15,bathinda,0,0,51,5,16,25,,
2021-07-15,faridkot,0,0,12,1,5,3,,
2021-07-15,fatehgarh sahib,0,0,8,1,4,3,,
2021-07-15,fazilka,0,0,16,1,3,7,,
2021-07-15,firozepur,0,0,15,1,5,6,,
2021-07-15,gurdaspur,1,0,28,3,16,6,,
2021-07-15,hoshiarpur,0,0,25,1,20,3,,
2021-07-15,jalandhar,0,0,51,6,31,12,,
2021-07-15,kapurthala,0,0,12,2,5,5,,
2021-07-15,ludhiana,0,0,107,8,36,44,,
2021-07-15,mansa,1,0,27,0,12,12,,
2021-07-15,moga,0,0,10,0,6,1,,
2021-07-15,pathankot,0,0,5,1,3,1,,
2021-07-15,patiala,0,0,30,2,18,5,,
2021-07-15,rupnagar (ropar),0,0,2,0,2,0,,
2021-07-15,s.a.s nagar,0,0,13,0,9,4,,
2021-07-15,sangrur,1,0,29,1,16,10,,
2021-07-15,shahid bhagat singhnagar (nawanshahr),0,0,9,1,8,0,,
2021-07-15,sri muktsar sahib,0,0,34,2,17,9,,
2021-07-15,tarn taran,0,0,18,1,13,4,,
2021-07-15,other states,0,0,69,6,33,22,,
2021-07-15,grand total,3,0,644,51,321,195,,
2021-07-14,amritsar,0,0,59,4,38,0,,
2021-07-14,barnala,0,0,14,4,4,0,,
2021-07-14,bathinda,0,0,51,5,16,0,,
2021-07-14,faridkot,1,0,12,1,5,0,,
2021-07-14,fatehgarh sahib,0,0,8,1,4,0,,
2021-07-14,fazilka,1,0,16,1,3,0,,
2021-07-14,firozepur,0,0,15,1,5,0,,
2021-07-14,gurdaspur,0,0,27,3,15,0,,
2021-07-14,hoshiarpur,2,0,25,1,20,0,,
2021-07-14,jalandhar,0,0,51,6,31,0,,
2021-07-14,kapurthala,0,0,12,2,5,0,,
2021-07-14,ludhiana,0,0,107,8,37,0,,
2021-07-14,mansa,1,0,26,0,11,0,,
2021-07-14,moga,0,0,10,0,6,0,,
2021-07-14,pathankot,0,0,5,1,3,0,,
2021-07-14,patiala,0,0,30,2,18,0,,
2021-07-14,rupnagar (ropar),0,0,2,0,2,0,,
2021-07-14,s.a.s nagar,0,0,13,0,9,0,,
2021-07-14,sangrur,0,0,28,1,16,0,,
2021-07-14,shahid bhagat singh nagar(nawanshahr),0,0,9,1,8,0,,
2021-07-14,sri muktsar sahib,1,0,34,2,16,0,,
2021-07-14,tarn taran,0,0,18,1,13,0,,
2021-07-14,other states,0,0,69,6,34,0,,
2021-07-14,grand total,6,0,641,51,319,0,,
2021-07-13,amritsar,1,0,59,4,38,0,,
2021-07-13,barnala,0,0,14,4,5,0,,
2021-07-13,bathinda,0,0,51,5,18,0,,
2021-07-13,faridkot,0,0,11,1,4,0,,
2021-07-13,fatehgarh sahib,0,0,8,1,4,0,,
2021-07-13,fazilka,0,0,15,1,1,0,,
2021-07-13,firozepur,0,0,15,1,5,0,,
2021-07-13,gurdaspur,0,0,27,3,15,0,,
2021-07-13,hoshiarpur,0,0,23,1,18,0,,
2021-07-13,jalandhar,0,0,51,6,31,0,,
2021-07-13,kapurthala,0,0,12,2,5,0,,
2021-07-13,ludhiana,0,0,107,8,39,0,,
2021-07-13,mansa,0,0,25,0,11,0,,
2021-07-13,moga,0,0,10,0,6,0,,
2021-07-13,pathankot,0,0,5,1,3,0,,
2021-07-13,patiala,1,0,30,2,18,0,,
2021-07-13,rupnagar (ropar),0,0,2,0,2,0,,
2021-07-13,s.a.s nagar,0,0,13,0,9,0,,
2021-07-13,sangrur,0,0,28,1,16,0,,
2021-07-13,shahid bhagat singh nagar(nawanshahr),0,0,9,1,8,0,,
2021-07-13,sri muktsar sahib,0,0,33,2,18,0,,
2021-07-13,tarn taran,0,0,18,1,13,0,,
2021-07-13,other states,1,0,69,6,34,0,,
2021-07-13,grand total,3,0,635,51,321,0,,
2021-07-11,amritsar,0,0,57,4,51,0,,
2021-07-11,barnala,0,0,13,4,4,0,,
2021-07-11,bathinda,0,0,52,5,17,0,,
2021-07-11,faridkot,0,0,12,1,5,0,,
2021-07-11,fatehgarh sahib,0,0,8,1,4,0,,
2021-07-11,fazilka,0,0,15,1,1,0,,
2021-07-11,firozepur,0,0,15,1,5,0,,
2021-07-11,gurdaspur,0,0,27,3,21,0,,
2021-07-11,hoshiarpur,1,0,23,1,18,0,,
2021-07-11,jalandhar,1,0,52,6,31,0,,
2021-07-11,kapurthala,0,0,12,2,5,0,,
2021-07-11,ludhiana,0,0,107,8,39,0,,
2021-07-11,mansa,0,0,25,0,10,0,,
2021-07-11,moga,0,0,10,0,6,0,,
2021-07-11,pathankot,0,0,5,1,3,0,,
2021-07-11,patiala,0,0,29,2,17,0,,
2021-07-11,rupnagar (ropar),0,0,2,0,2,0,,
2021-07-11,s.a.s nagar,0,0,13,0,9,0,,
2021-07-11,sangrur,0,0,28,1,16,0,,
2021-07-11,shahid bhagat singh nagar(nawanshahr),0,0,9,1,8,0,,
2021-07-11,sri muktsar sahib,0,0,33,2,16,0,,
2021-07-11,tarn taran,0,0,18,1,17,0,,
2021-07-11,other states,1,0,68,6,36,0,,
2021-07-11,grand total,3,0,633,51,341,0,,
2021-07-10,amritsar,1,0,57,4,51,0,,
2021-07-10,barnala,0,0,13,4,4,0,,
2021-07-10,bathinda,0,0,52,5,17,0,,
2021-07-10,faridkot,0,0,12,1,5,0,,
2021-07-10,fatehgarh sahib,0,0,8,1,4,0,,
2021-07-10,fazilka,0,0,15,1,2,0,,
2021-07-10,firozepur,0,0,15,1,5,0,,
2021-07-10,gurdaspur,0,0,27,3,21,0,,
2021-07-10,hoshiarpur,0,0,22,1,17,0,,
2021-07-10,jalandhar,0,0,51,6,30,0,,
2021-07-10,kapurthala,0,0,12,2,5,0,,
2021-07-10,ludhiana,0,0,107,8,40,0,,
2021-07-10,mansa,0,0,25,0,11,0,,
2021-07-10,moga,0,0,10,0,6,0,,
2021-07-10,pathankot,0,0,5,1,3,0,,
2021-07-10,patiala,0,0,29,2,17,0,,
2021-07-10,rupnagar (ropar),0,0,2,0,2,0,,
2021-07-10,s.a.s nagar,0,0,13,0,9,0,,
2021-07-10,sangrur,0,0,28,1,16,0,,
2021-07-10,shahid bhagat singh nagar(nawanshahr),0,0,9,1,8,0,,
2021-07-10,sri muktsar sahib,1,0,33,2,16,0,,
2021-07-10,tarn taran,0,0,18,1,17,0,,
2021-07-10,other states,0,0,67,6,35,0,,
2021-07-10,grand total,2,0,630,51,341,0,,
2021-07-09,amritsar,1,0,56,4,50,0,,
2021-07-09,barnala,0,0,13,4,4,0,,
2021-07-09,bathinda,0,0,52,5,17,0,,
2021-07-09,faridkot,0,0,12,1,5,0,,
2021-07-09,fatehgarh sahib,0,0,8,1,4,0,,
2021-07-09,fazilka,0,0,15,1,2,0,,
2021-07-09,firozepur,0,0,15,1,5,0,,
2021-07-09,gurdaspur,-1,0,27,3,21,0,,
2021-07-09,hoshiarpur,1,0,22,1,17,0,,
2021-07-09,jalandhar,4,0,51,6,30,0,,
2021-07-09,kapurthala,0,0,12,2,5,0,,
2021-07-09,ludhiana,0,0,107,8,40,0,,
2021-07-09,mansa,0,0,25,0,11,0,,
2021-07-09,moga,0,0,10,0,6,0,,
2021-07-09,pathankot,0,0,5,1,3,0,,
2021-07-09,patiala,0,0,29,2,17,0,,
2021-07-09,rupnagar (ropar),0,0,2,0,2,0,,
2021-07-09,s.a.s nagar,0,0,13,0,9,0,,
2021-07-09,sangrur,0,0,28,1,16,0,,
2021-07-09,shahid bhagat singh nagar(nawanshahr),0,0,9,1,8,0,,
2021-07-09,sri muktsar sahib,0,0,32,2,15,0,,
2021-07-09,tarn taran,0,0,18,1,17,0,,
2021-07-09,other states,0,0,67,6,35,0,,
2021-07-09,grand total,5,0,628,51,339,0,,
2021-07-08,amritsar,0,0,55,4,49,0,,
2021-07-08,barnala,0,0,13,4,4,0,,
2021-07-08,bathinda,0,0,52,5,18,0,,
2021-07-08,faridkot,0,0,12,1,5,0,,
2021-07-08,fatehgarh sahib,0,0,8,1,4,0,,
2021-07-08,fazilka,0,0,15,1,3,0,,
2021-07-08,firozepur,0,0,15,1,5,0,,
2021-07-08,gurdaspur,0,0,28,3,22,0,,
2021-07-08,hoshiarpur,0,0,21,1,16,0,,
2021-07-08,jalandhar,0,0,47,6,26,0,,
2021-07-08,kapurthala,0,0,12,2,5,0,,
2021-07-08,ludhiana,0,0,107,8,40,0,,
2021-07-08,mansa,0,0,25,0,12,0,,
2021-07-08,moga,0,0,10,0,6,0,,
2021-07-08,pathankot,0,0,5,1,3,0,,
2021-07-08,patiala,0,0,29,2,17,0,,
2021-07-08,rupnagar (ropar),0,0,2,0,2,0,,
2021-07-08,s.a.s nagar,0,0,13,0,9,0,,
2021-07-08,sangrur,1,0,28,1,16,0,,
2021-07-08,shahid bhagat singh nagar(nawanshahr),0,0,9,1,8,0,,
2021-07-08,sri muktsar sahib,0,0,32,2,15,0,,
2021-07-08,tarn taran,0,0,18,1,17,0,,
2021-07-08,other states,0,0,67,6,35,0,,
2021-07-08,grand total,1,0,623,51,337,0,,
2021-07-07,amritsar,1,0,55,4,49,0,,
2021-07-07,barnala,0,0,13,4,4,0,,
2021-07-07,bathinda,0,0,52,5,20,0,,
2021-07-07,faridkot,0,0,12,1,6,0,,
2021-07-07,fatehgarh sahib,0,0,8,1,4,0,,
2021-07-07,fazilka,0,0,15,1,4,0,,
2021-07-07,ferozepur,-1,0,15,1,5,0,,
2021-07-07,gurdaspur,2,0,28,3,23,0,,
2021-07-07,hoshiarpur,1,0,21,1,16,0,,
2021-07-07,jalandhar,0,0,47,6,26,0,,
2021-07-07,kapurthala,0,0,12,2,5,0,,
2021-07-07,ludhiana,1,0,107,8,40,0,,
2021-07-07,mansa,1,0,25,0,12,0,,
2021-07-07,moga,0,0,10,0,6,0,,
2021-07-07,pathankot,0,0,5,1,3,0,,
2021-07-07,patiala,1,0,29,2,17,0,,
2021-07-07,rupnagar (ropar),0,0,2,0,2,0,,
2021-07-07,s.a.s nagar,0,0,13,0,9,0,,
2021-07-07,sangrur,0,0,27,1,15,0,,
2021-07-07,shahid bhagat singh nagar(nawanshahr),0,0,9,1,8,0,,
2021-07-07,sri muktsar sahib,0,0,32,2,16,0,,
2021-07-07,tarn taran,0,0,18,1,17,0,,
2021-07-07,other states,0,0,67,6,35,0,,
2021-07-07,grand total,6,0,622,51,342,0,,
2021-07-06,amritsar,0,0,54,4,48,0,,
2021-07-06,barnala,0,0,13,4,4,0,,
2021-07-06,bathinda,2,0,52,5,20,0,,
2021-07-06,faridkot,0,0,12,1,6,0,,
2021-07-06,fatehgarh sahib,0,0,8,1,4,0,,
2021-07-06,fazilka,0,0,15,1,4,0,,
2021-07-06,firozepur,0,0,16,1,5,0,,
2021-07-06,gurdaspur,0,0,26,3,21,0,,
2021-07-06,hoshiarpur,0,0,20,1,16,0,,
2021-07-06,jalandhar,0,0,47,6,26,0,,
2021-07-06,kapurthala,0,0,12,2,5,0,,
2021-07-06,ludhiana,0,0,106,8,39,0,,
2021-07-06,mansa,0,0,24,0,12,0,,
2021-07-06,moga,2,0,10,0,6,0,,
2021-07-06,pathankot,0,0,5,1,3,0,,
2021-07-06,patiala,0,0,28,2,16,0,,
2021-07-06,rupnagar (ropar),0,0,2,0,2,0,,
2021-07-06,s.a.s nagar,1,0,13,0,9,0,,
2021-07-06,sangrur,0,0,27,1,15,0,,
2021-07-06,shahid bhagat singh nagar(nawanshahr),0,0,9,1,8,0,,
2021-07-06,sri muktsar sahib,0,0,32,2,19,0,,
2021-07-06,tarn taran,0,0,18,1,17,0,,
2021-07-06,other states,1,0,67,6,36,0,,
2021-07-06,grand total,6,0,616,51,341,0,,
2021-07-05,amritsar,-1,0,54,4,48,0,,
2021-07-05,barnala,1,0,13,4,4,0,,
2021-07-05,bathinda,1,0,50,5,18,0,,
2021-07-05,faridkot,0,0,12,1,6,0,,
2021-07-05,fatehgarh sahib,0,0,8,1,4,0,,
2021-07-05,fazilka,1,0,15,1,4,0,,
2021-07-05,firozepur,1,0,16,1,5,0,,
2021-07-05,gurdaspur,0,0,26,3,21,0,,
2021-07-05,hoshiarpur,0,0,20,1,16,0,,
2021-07-05,jalandhar,0,0,47,6,26,0,,
2021-07-05,kapurthala,0,0,12,2,5,0,,
2021-07-05,ludhiana,1,0,106,8,39,0,,
2021-07-05,mansa,0,0,24,0,12,0,,
2021-07-05,moga,0,0,8,0,4,0,,
2021-07-05,pathankot,0,0,5,1,3,0,,
2021-07-05,patiala,0,0,28,2,16,0,,
2021-07-05,rupnagar (ropar),0,0,2,0,2,0,,
2021-07-05,s.a.s nagar,0,0,12,0,8,0,,
2021-07-05,sangrur,0,0,27,1,16,0,,
2021-07-05,shahidbhagat singh nagar (nawanshahr),0,0,9,1,8,0,,
2021-07-05,sri muktsar sahib,1,0,32,2,19,0,,
2021-07-05,tarn taran,0,0,18,1,17,0,,
2021-07-05,other states,0,0,66,6,35,0,,
2021-07-05,grand total,5,0,610,51,336,0,,
2021-07-04,amritsar,2,0,55,4,49,0,,
2021-07-04,barnala,0,0,12,4,3,0,,
2021-07-04,bathinda,0,0,49,5,17,0,,
2021-07-04,faridkot,0,0,12,1,6,0,,
2021-07-04,fatehgarh sahib,0,0,8,1,4,0,,
2021-07-04,fazilka,0,0,14,1,3,0,,
2021-07-04,firozepur,0,0,15,1,5,0,,
2021-07-04,gurdaspur,1,0,26,3,21,0,,
2021-07-04,hoshiarpur,0,0,20,1,16,0,,
2021-07-04,jalandhar,2,0,47,6,26,0,,
2021-07-04,kapurthala,0,0,12,2,5,0,,
2021-07-04,ludhiana,0,0,105,8,39,0,,
2021-07-04,mansa,0,0,24,0,12,0,,
2021-07-04,moga,0,0,8,0,4,0,,
2021-07-04,pathankot,0,0,5,1,3,0,,
2021-07-04,patiala,0,0,28,2,16,0,,
2021-07-04,rupnagar (ropar),0,0,2,0,2,0,,
2021-07-04,s.a.s nagar,0,0,12,0,8,0,,
2021-07-04,sangrur,0,0,27,1,17,0,,
2021-07-04,shahidbhagat singh nagar(nawanshahr),0,0,9,1,8,0,,
2021-07-04,sri muktsar sahib,0,0,31,2,18,0,,
2021-07-04,tarn taran,1,0,18,1,17,0,,
2021-07-04,other states,0,0,66,6,35,0,,
2021-07-04,grand total,6,0,605,51,334,0,,
2021-07-03,amritsar,0,0,53,4,47,0,,
2021-07-03,barnala,0,0,12,4,4,0,,
2021-07-03,bathinda,0,0,49,5,17,0,,
2021-07-03,faridkot,0,0,12,1,6,0,,
2021-07-03,fatehgarh sahib,0,0,8,1,5,0,,
2021-07-03,fazilka,0,0,14,1,3,0,,
2021-07-03,firozepur,0,0,15,1,5,0,,
2021-07-03,gurdaspur,0,0,25,3,20,0,,
2021-07-03,hoshiarpur,0,0,20,1,16,0,,
2021-07-03,jalandhar,0,0,45,6,24,0,,
2021-07-03,kapurthala,0,0,12,2,5,0,,
2021-07-03,ludhiana,1,0,105,8,40,0,,
2021-07-03,mansa,0,0,24,0,12,0,,
2021-07-03,moga,0,0,8,0,4,0,,
2021-07-03,pathankot,0,0,5,1,3,0,,
2021-07-03,patiala,0,0,28,2,19,0,,
2021-07-03,rupnagar (ropar),0,0,2,0,2,0,,
2021-07-03,s.a.s nagar,0,0,12,0,8,0,,
2021-07-03,sangrur,0,0,27,1,18,0,,
2021-07-03,shahidbhagat singh nagar(nawanshahr),0,0,9,1,8,0,,
2021-07-03,sri muktsar sahib,0,0,31,2,18,0,,
2021-07-03,tarn taran,0,0,17,1,16,0,,
2021-07-03,other states,1,0,66,6,37,0,,
2021-07-03,grand total,2,0,599,51,337,0,,
2021-07-02,amritsar,0,0,53,4,47,0,,
2021-07-02,barnala,0,0,12,4,4,0,,
2021-07-02,bathinda,0,0,49,5,18,0,,
2021-07-02,faridkot,0,0,12,1,6,0,,
2021-07-02,fatehgarh sahib,0,0,8,1,5,0,,
2021-07-02,fazilka,0,0,14,1,3,0,,
2021-07-02,firozepur,0,0,15,1,5,0,,
2021-07-02,gurdaspur,0,0,25,3,20,0,,
2021-07-02,hoshiarpur,0,0,20,1,16,0,,
2021-07-02,jalandhar,0,0,45,6,23,0,,
2021-07-02,kapurthala,0,0,12,2,5,0,,
2021-07-02,ludhiana,1,0,104,8,44,0,,
2021-07-02,mansa,1,0,24,0,13,0,,
2021-07-02,moga,0,0,8,0,4,0,,
2021-07-02,pathankot,0,0,5,1,3,0,,
2021-07-02,patiala,1,0,28,2,19,0,,
2021-07-02,rupnagar (ropar),0,0,2,0,2,0,,
2021-07-02,s.a.s nagar,0,0,12,0,8,0,,
2021-07-02,sangrur,0,0,27,1,18,0,,
2021-07-02,shahidbhagat singh nagar(nawanshahr),0,0,9,1,8,0,,
2021-07-02,sri muktsar sahib,1,0,31,2,18,0,,
2021-07-02,tarn taran,0,0,17,1,16,0,,
2021-07-02,other states,0,0,65,6,36,0,,
2021-07-02,grand total,4,0,597,51,341,0,,
2021-07-01,amritsar,1,0,53,4,47,0,,
2021-07-01,barnala,0,0,12,4,5,0,,
2021-07-01,bathinda,1,0,49,5,21,0,,
2021-07-01,faridkot,0,0,12,1,6,0,,
2021-07-01,fatehgarh sahib,0,0,8,1,5,0,,
2021-07-01,fazilka,0,0,14,1,4,0,,
2021-07-01,firozepur,0,0,15,1,6,0,,
2021-07-01,gurdaspur,0,0,25,3,20,0,,
2021-07-01,hoshiarpur,0,0,20,1,16,0,,
2021-07-01,jalandhar,0,0,45,6,23,0,,
2021-07-01,kapurthala,0,0,12,2,5,0,,
2021-07-01,ludhiana,0,0,103,8,45,0,,
2021-07-01,mansa,1,0,23,0,13,0,,
2021-07-01,moga,0,0,8,0,4,0,,
2021-07-01,pathankot,0,0,5,1,3,0,,
2021-07-01,patiala,1,0,27,2,18,0,,
2021-07-01,rupnagar (ropar),0,0,2,0,2,0,,
2021-07-01,s.a.s nagar,1,0,12,0,8,0,,
2021-07-01,sangrur,0,0,27,1,20,0,,
2021-07-01,shahidbhagat singh nagar(nawanshahr),0,0,9,1,8,0,,
2021-07-01,sri muktsar sahib,0,0,30,2,17,0,,
2021-07-01,tarn taran,0,0,17,1,16,0,,
2021-07-01,other states,1,0,65,6,37,0,,
2021-07-01,grand total,6,0,593,51,349,0,,
2021-06-30,amritsar,0,0,52,4,46,0,,
2021-06-30,barnala,0,0,12,4,5,0,,
2021-06-30,bathinda,2,0,48,5,21,0,,
2021-06-30,faridkot,0,0,12,1,7,0,,
2021-06-30,fatehgarh sahib,0,0,8,1,6,0,,
2021-06-30,fazilka,0,0,14,1,4,0,,
2021-06-30,firozepur,0,0,15,1,6,0,,
2021-06-30,gurdaspur,1,0,25,3,20,0,,
2021-06-30,hoshiarpur,0,0,20,1,16,0,,
2021-06-30,jalandhar,0,0,45,6,23,0,,
2021-06-30,kapurthala,0,0,12,2,5,0,,
2021-06-30,ludhiana,1,0,103,8,46,0,,
2021-06-30,mansa,1,0,22,0,12,0,,
2021-06-30,moga,1,0,8,0,4,0,,
2021-06-30,pathankot,0,0,5,1,3,0,,
2021-06-30,patiala,1,0,26,2,20,0,,
2021-06-30,rupnagar (ropar),0,0,2,0,2,0,,
2021-06-30,s.a.s nagar,0,0,11,0,8,0,,
2021-06-30,sangrur,1,0,27,1,20,0,,
2021-06-30,shahid bhagat singh nagar(nawanshahr),0,0,9,1,8,0,,
2021-06-30,sri muktsar sahib,0,0,30,2,17,0,,
2021-06-30,tarn taran,0,0,17,1,16,0,,
2021-06-30,other states,1,0,64,6,37,0,,
2021-06-30,grand total,9,0,587,51,352,0,,
2021-06-29,amritsar,0,0,52,4,46,0,,
2021-06-29,barnala,1,0,12,4,5,0,,
2021-06-29,bathinda,1,0,46,5,19,0,,
2021-06-29,faridkot,0,0,12,1,7,0,,
2021-06-29,fatehgarh sahib,0,0,8,1,6,0,,
2021-06-29,fazilka,0,0,14,1,5,0,,
2021-06-29,firozepur,0,0,15,1,6,0,,
2021-06-29,gurdaspur,0,0,24,3,19,0,,
2021-06-29,hoshiarpur,0,0,20,1,16,0,,
2021-06-29,jalandhar,0,0,45,6,23,0,,
2021-06-29,kapurthala,0,0,12,2,5,0,,
2021-06-29,ludhiana,1,0,102,8,45,0,,
2021-06-29,mansa,1,0,21,11,0,0,,
2021-06-29,moga,0,0,7,3,0,0,,
2021-06-29,pathankot,0,0,5,1,3,0,,
2021-06-29,patiala,0,0,25,2,19,0,,
2021-06-29,rupnagar (ropar),0,0,2,2,0,0,,
2021-06-29,s.a.s nagar,0,0,11,8,0,0,,
2021-06-29,sangrur,1,0,26,1,19,0,,
2021-06-29,shahid bhagat singh nagar(nawanshahr),0,0,9,1,8,0,,
2021-06-29,sri muktsar sahib,0,0,30,2,17,0,,
2021-06-29,tarn taran,1,0,17,1,16,0,,
2021-06-29,other states,1,0,63,6,37,0,,
2021-06-29,grand total,7,0,578,51,345,0,,
2021-06-28,amritsar,0,0,52,4,46,0,,
2021-06-28,barnala,0,0,11,4,4,0,,
2021-06-28,bathinda,1,0,45,5,19,0,,
2021-06-28,faridkot,1,0,12,1,7,0,,
2021-06-28,fatehgarh sahib,0,0,8,1,6,0,,
2021-06-28,fazilka,0,0,14,1,5,0,,
2021-06-28,firozepur,2,0,15,1,6,0,,
2021-06-28,gurdaspur,0,0,24,3,19,0,,
2021-06-28,hoshiarpur,0,0,20,1,16,0,,
2021-06-28,jalandhar,2,0,45,6,23,0,,
2021-06-28,kapurthala,0,0,12,2,5,0,,
2021-06-28,ludhiana,-1,0,101,8,44,0,,
2021-06-28,mansa,0,0,20,10,0,0,,
2021-06-28,moga,-1,0,7,3,0,0,,
2021-06-28,pathankot,0,0,5,1,3,0,,
2021-06-28,patiala,0,0,25,2,18,0,,
2021-06-28,rupnagar (ropar),0,0,2,2,0,0,,
2021-06-28,s.a.s nagar,0,0,11,8,0,0,,
2021-06-28,sangrur,-1,0,25,1,18,0,,
2021-06-28,shahidbhagat singh nagar(nawanshahr),1,0,9,1,8,0,,
2021-06-28,sri muktsar sahib,-1,0,30,2,17,0,,
2021-06-28,tarn taran,0,0,16,1,15,0,,
2021-06-28,other states,1,0,62,6,36,0,,
2021-06-28,grand total,4,0,571,51,338,0,,
2021-06-27,amritsar,0,0,52,4,46,0,,
2021-06-27,barnala,0,0,11,4,4,0,,
2021-06-27,bathinda,-4,0,44,5,18,0,,
2021-06-27,faridkot,1,0,11,1,6,0,,
2021-06-27,fatehgarh sahib,0,0,8,1,6,0,,
2021-06-27,fazilka,1,0,14,1,5,0,,
2021-06-27,firozepur,1,0,13,1,5,0,,
2021-06-27,gurdaspur,0,0,24,3,19,0,,
2021-06-27,hoshiarpur,1,0,20,1,16,0,,
2021-06-27,jalandhar,1,0,43,6,23,0,,
2021-06-27,kapurthala,0,0,12,2,6,0,,
2021-06-27,ludhiana,1,0,102,8,45,0,,
2021-06-27,mansa,0,0,20,10,0,0,,
2021-06-27,moga,0,0,8,4,0,0,,
2021-06-27,pathankot,0,0,5,1,3,0,,
2021-06-27,patiala,0,0,25,2,18,0,,
2021-06-27,rupnagar (ropar),0,0,2,2,0,0,,
2021-06-27,s.a.s nagar,0,0,11,8,0,0,,
2021-06-27,sangrur,2,0,26,1,19,0,,
2021-06-27,shahid bhagat singh nagar(nawanshahr),0,0,8,1,7,0,,
2021-06-27,sri muktsar sahib,0,0,31,2,18,0,,
2021-06-27,tarn taran,1,0,16,1,15,0,,
2021-06-27,other states,1,0,61,6,36,0,,
2021-06-27,grand total,6,0,567,51,339,0,,
2021-06-26,amritsar,2,0,52,4,47,0,,
2021-06-26,barnala,0,0,11,4,4,0,,
2021-06-26,bathinda,0,0,48,5,18,0,,
2021-06-26,faridkot,0,0,10,1,6,0,,
2021-06-26,fatehgarh sahib,0,0,8,1,6,0,,
2021-06-26,fazilka,0,0,13,1,5,0,,
2021-06-26,firozepur,0,0,12,1,5,0,,
2021-06-26,gurdaspur,1,0,24,3,19,0,,
2021-06-26,hoshiarpur,2,0,19,1,15,0,,
2021-06-26,jalandhar,0,0,42,6,22,0,,
2021-06-26,kapurthala,0,0,12,2,8,0,,
2021-06-26,ludhiana,0,0,101,8,55,0,,
2021-06-26,mansa,0,0,20,10,0,0,,
2021-06-26,moga,0,0,8,4,0,0,,
2021-06-26,pathankot,0,0,5,1,3,0,,
2021-06-26,patiala,0,0,25,2,18,0,,
2021-06-26,rupnagar (ropar),0,0,2,2,0,0,,
2021-06-26,s.a.s nagar,0,0,11,8,0,0,,
2021-06-26,sangrur,-1,0,24,1,20,0,,
2021-06-26,shahidbhagat singh nagar(nawanshahr),0,0,8,1,7,0,,
2021-06-26,sri muktsar sahib,0,0,31,2,18,0,,
2021-06-26,tarn taran,2,0,15,1,14,0,,
2021-06-26,other states,1,0,60,6,37,0,,
2021-06-26,grand total,7,0,561,51,351,0,,
2021-06-25,amritsar,0,0,50,4,45,0,,
2021-06-25,barnala,1,0,11,4,5,0,,
2021-06-25,bathinda,-1,0,48,5,18,0,,
2021-06-25,faridkot,0,0,10,1,6,0,,
2021-06-25,fatehgarh sahib,0,0,8,1,6,0,,
2021-06-25,fazilka,0,0,13,1,5,0,,
2021-06-25,firozepur,0,0,12,1,5,0,,
2021-06-25,gurdaspur,0,0,23,3,18,0,,
2021-06-25,hoshiarpur,0,0,17,1,13,0,,
2021-06-25,jalandhar,-1,0,42,6,22,0,,
2021-06-25,kapurthala,0,0,12,2,8,0,,
2021-06-25,ludhiana,4,0,101,8,55,0,,
2021-06-25,mansa,2,0,20,10,0,0,,
2021-06-25,moga,0,0,8,5,0,0,,
2021-06-25,pathankot,0,0,5,1,3,0,,
2021-06-25,patiala,0,0,25,2,18,0,,
2021-06-25,rupnagar (ropar),0,0,2,2,0,0,,
2021-06-25,s.a.s nagar,1,0,11,8,0,0,,
2021-06-25,sangrur,0,0,25,1,21,0,,
2021-06-25,shahid bhagat singh nagar(nawanshahr),0,0,8,1,7,0,,
2021-06-25,sri muktsar sahib,0,0,31,2,18,0,,
2021-06-25,tarn taran,0,0,13,1,12,0,,
2021-06-25,other states,-1,0,59,6,36,0,,
2021-06-25,grand total,5,0,554,51,346,0,,
2021-06-24,amritsar,0,0,50,4,45,0,,
2021-06-24,barnala,0,0,10,4,4,0,,
2021-06-24,bathinda,0,0,49,5,18,0,,
2021-06-24,faridkot,0,0,10,1,7,0,,
2021-06-24,fatehgarh sahib,0,0,8,1,6,0,,
2021-06-24,fazilka,0,0,13,1,6,0,,
2021-06-24,firozepur,0,0,12,1,5,0,,
2021-06-24,gurdaspur,0,0,23,3,18,0,,
2021-06-24,hoshiarpur,0,0,17,1,13,0,,
2021-06-24,jalandhar,0,0,43,6,23,0,,
2021-06-24,kapurthala,0,0,12,2,8,0,,
2021-06-24,ludhiana,0,0,97,8,55,0,,
2021-06-24,mansa,1,0,18,8,0,0,,
2021-06-24,moga,0,0,8,5,0,0,,
2021-06-24,pathankot,0,0,5,1,3,0,,
2021-06-24,patiala,0,0,25,2,18,0,,
2021-06-24,rupnagar (ropar),0,0,2,2,0,0,,
2021-06-24,s.a.s nagar,0,0,10,7,0,0,,
2021-06-24,sangrur,0,0,25,1,21,0,,
2021-06-24,shahid bhagat singh nagar(nawanshahr),0,0,8,1,7,0,,
2021-06-24,sri muktsar sahib,1,0,31,2,18,0,,
2021-06-24,tarn taran,0,0,13,1,12,0,,
2021-06-24,other states,0,0,60,6,38,0,,
2021-06-24,grand total,2,0,549,51,347,0,,
2021-06-23,amritsar,2,0,50,4,45,0,,
2021-06-23,barnala,0,0,10,4,4,0,,
2021-06-23,bathinda,0,0,49,5,18,0,,
2021-06-23,faridkot,1,0,10,1,7,0,,
2021-06-23,fatehgarh sahib,0,0,8,1,6,0,,
2021-06-23,fazilka,0,0,13,1,7,0,,
2021-06-23,firozepur,0,0,12,1,5,0,,
2021-06-23,gurdaspur,0,0,23,3,18,0,,
2021-06-23,hoshiarpur,0,0,17,1,13,0,,
2021-06-23,jalandhar,0,0,43,6,24,0,,
2021-06-23,kapurthala,0,0,12,2,8,0,,
2021-06-23,ludhiana,2,0,97,8,55,0,,
2021-06-23,mansa,2,0,17,8,0,0,,
2021-06-23,moga,2,0,8,5,0,0,,
2021-06-23,pathankot,0,0,5,1,3,0,,
2021-06-23,patiala,0,0,25,2,18,0,,
2021-06-23,rupnagar (ropar),1,0,2,2,0,0,,
2021-06-23,s.a.s nagar,0,0,10,7,0,0,,
2021-06-23,sangrur,1,0,25,1,21,0,,
2021-06-23,shahidbhagat singh nagar(nawanshahr),0,0,8,1,7,0,,
2021-06-23,sri muktsar sahib,0,0,30,2,18,0,,
2021-06-23,tarn taran,1,0,13,1,12,0,,
2021-06-23,other states,0,0,60,6,38,0,,
2021-06-23,grand total,12,0,547,51,349,0,,
2021-06-22,amritsar,4,0,48,4,43,0,,
2021-06-22,barnala,0,0,10,4,4,0,,
2021-06-22,bathinda,0,0,49,5,18,0,,
2021-06-22,faridkot,-1,0,9,1,7,0,,
2021-06-22,fatehgarh sahib,1,0,8,1,6,0,,
2021-06-22,fazilka,0,0,13,1,7,0,,
2021-06-22,firozepur,0,0,12,1,5,0,,
2021-06-22,gurdaspur,0,0,23,3,18,0,,
2021-06-22,hoshiarpur,1,0,17,1,13,0,,
2021-06-22,jalandhar,0,0,43,6,24,0,,
2021-06-22,kapurthala,0,0,12,2,8,0,,
2021-06-22,ludhiana,0,0,95,8,54,0,,
2021-06-22,mansa,2,0,15,7,0,0,,
2021-06-22,moga,0,0,6,3,0,0,,
2021-06-22,pathankot,0,0,5,1,3,0,,
2021-06-22,patiala,0,0,25,2,18,0,,
2021-06-22,rupnagar (ropar),0,0,1,1,0,0,,
2021-06-22,s.a.s nagar,0,0,10,7,0,0,,
2021-06-22,sangrur,1,0,24,1,20,0,,
2021-06-22,shahid bhagat singh nagar(nawanshahr),0,0,8,1,7,0,,
2021-06-22,sri muktsar sahib,2,0,30,2,18,0,,
2021-06-22,tarn taran,0,0,12,1,11,0,,
2021-06-22,other states,0,0,60,6,38,0,,
2021-06-22,grand total,10,0,535,51,340,0,,
2021-06-21,amritsar,1,0,44,4,39,0,,
2021-06-21,barnala,0,0,10,4,4,0,,
2021-06-21,bathinda,0,0,49,5,19,0,,
2021-06-21,faridkot,2,0,10,1,8,0,,
2021-06-21,fatehgarh sahib,0,0,7,1,5,0,,
2021-06-21,fazilka,0,0,13,1,7,0,,
2021-06-21,ferozepur,-1,0,12,1,5,0,,
2021-06-21,gurdaspur,0,0,23,3,18,0,,
2021-06-21,hoshiarpur,0,0,16,1,12,0,,
2021-06-21,jalandhar,0,0,43,6,24,0,,
2021-06-21,kapurthala,0,0,12,2,8,0,,
2021-06-21,ludhiana,1,0,95,8,54,0,,
2021-06-21,mansa,2,0,13,7,0,0,,
2021-06-21,moga,0,0,6,3,0,0,,
2021-06-21,pathankot,0,0,5,1,3,0,,
2021-06-21,patiala,0,0,25,2,18,0,,
2021-06-21,rupnagar (ropar),0,0,1,1,0,0,,
2021-06-21,s.a.s nagar,1,0,10,7,0,0,,
2021-06-21,sangrur,0,0,23,1,19,0,,
2021-06-21,shahidbhagat singh nagar(nawanshahr),1,0,8,1,7,0,,
2021-06-21,sri muktsar sahib,2,0,28,2,16,0,,
2021-06-21,tarn taran,1,0,12,1,11,0,,
2021-06-21,other states,2,0,60,6,38,0,,
2021-06-21,grand total,12,0,525,51,333,0,,
2021-06-20,amritsar,0,0,43,4,38,0,,
2021-06-20,barnala,0,0,10,4,4,0,,
2021-06-20,bathinda,0,0,49,5,19,0,,
2021-06-20,faridkot,0,0,8,1,6,0,,
2021-06-20,fatehgarh sahib,1,0,7,1,5,0,,
2021-06-20,fazilka,0,0,13,1,7,0,,
2021-06-20,firozepur,0,0,13,1,6,0,,
2021-06-20,gurdaspur,0,0,23,3,18,0,,
2021-06-20,hoshiarpur,0,0,16,1,12,0,,
2021-06-20,jalandhar,0,0,43,6,24,0,,
2021-06-20,kapurthala,0,0,12,2,8,0,,
2021-06-20,ludhiana,1,0,94,8,57,0,,
2021-06-20,mansa,0,0,11,5,0,0,,
2021-06-20,moga,0,0,6,3,0,0,,
2021-06-20,pathankot,0,0,5,1,3,0,,
2021-06-20,patiala,0,0,25,2,18,0,,
2021-06-20,rupnagar (ropar),0,0,1,1,0,0,,
2021-06-20,s.a.s nagar,0,0,9,6,0,0,,
2021-06-20,sangrur,2,0,23,1,19,0,,
2021-06-20,shahid bhagat singh nagar(nawanshahr),0,0,7,1,6,0,,
2021-06-20,sri muktsar sahib,1,0,26,2,15,0,,
2021-06-20,tarn taran,0,0,11,1,10,0,,
2021-06-20,other states,0,0,58,6,37,0,,
2021-06-20,grand total,5,0,513,51,327,0,,
2021-06-19,amritsar,0,0,43,4,38,0,,
2021-06-19,barnala,0,0,10,4,4,0,,
2021-06-19,bathinda,2,0,49,5,19,0,,
2021-06-19,faridkot,0,0,8,1,6,0,,
2021-06-19,fatehgarh sahib,0,0,6,1,4,0,,
2021-06-19,fazilka,0,0,13,1,7,0,,
2021-06-19,firozepur,1,0,13,1,6,0,,
2021-06-19,gurdaspur,2,0,23,3,18,0,,
2021-06-19,hoshiarpur,3,0,16,1,12,0,,
2021-06-19,jalandhar,4,0,43,6,24,0,,
2021-06-19,kapurthala,0,0,12,2,8,0,,
2021-06-19,ludhiana,1,0,93,8,56,0,,
2021-06-19,mansa,0,0,11,5,0,0,,
2021-06-19,moga,0,0,6,3,0,0,,
2021-06-19,pathankot,0,0,5,1,3,0,,
2021-06-19,patiala,0,0,25,2,18,0,,
2021-06-19,rupnagar (ropar),0,0,1,1,0,0,,
2021-06-19,s.a.s nagar,0,0,9,6,0,0,,
2021-06-19,sangrur,0,0,21,1,17,0,,
2021-06-19,shahid bhagat singh nagar(nawanshahr),0,0,7,1,6,0,,
2021-06-19,sri muktsar sahib,0,0,25,2,15,0,,
2021-06-19,tarn taran,0,0,11,1,10,0,,
2021-06-19,other states,0,0,58,6,37,0,,
2021-06-19,grand total,13,0,508,51,323,0,,
2021-06-18,amritsar,1,0,43,4,38,0,,
2021-06-18,barnala,0,0,10,4,4,0,,
2021-06-18,bathinda,0,0,47,5,18,0,,
2021-06-18,faridkot,0,0,8,1,6,0,,
2021-06-18,fatehgarh sahib,0,0,6,1,4,0,,
2021-06-18,fazilka,0,0,13,1,7,0,,
2021-06-18,firozepur,0,0,12,1,5,0,,
2021-06-18,gurdaspur,1,0,21,3,17,0,,
2021-06-18,hoshiarpur,0,0,13,1,9,0,,
2021-06-18,jalandhar,3,0,39,6,20,0,,
2021-06-18,kapurthala,0,0,12,2,8,0,,
2021-06-18,ludhiana,3,0,92,8,55,0,,
2021-06-18,mansa,0,0,11,5,0,0,,
2021-06-18,moga,0,0,6,3,0,0,,
2021-06-18,pathankot,0,0,5,1,3,0,,
2021-06-18,patiala,1,0,25,2,18,0,,
2021-06-18,rupnagar (ropar),0,0,1,1,0,0,,
2021-06-18,s.a.s nagar,0,0,9,6,0,0,,
2021-06-18,sangrur,3,0,21,1,18,0,,
2021-06-18,shahid bhagat singh nagar(nawanshahr),0,0,7,1,6,0,,
2021-06-18,sri muktsar sahib,1,0,25,2,16,0,,
2021-06-18,tarn taran,2,0,11,1,10,0,,
2021-06-18,other states,1,0,58,6,37,0,,
2021-06-18,grand total,16,0,495,51,314,0,,
2021-06-17,amritsar,0,0,42,4,37,0,,
2021-06-17,barnala,0,0,10,4,4,0,,
2021-06-17,bathinda,0,0,47,5,22,0,,
2021-06-17,faridkot,0,0,8,1,6,0,,
2021-06-17,fatehgarh sahib,0,0,6,1,4,0,,
2021-06-17,fazilka,0,0,13,1,8,0,,
2021-06-17,firozepur,1,0,12,1,5,0,,
2021-06-17,gurdaspur,1,0,20,3,16,0,,
2021-06-17,hoshiarpur,1,0,13,1,9,0,,
2021-06-17,jalandhar,0,0,36,6,17,0,,
2021-06-17,kapurthala,0,0,12,2,8,0,,
2021-06-17,ludhiana,5,0,89,8,54,0,,
2021-06-17,mansa,0,0,11,5,0,0,,
2021-06-17,moga,0,0,6,3,0,0,,
2021-06-17,pathankot,0,0,5,1,3,0,,
2021-06-17,patiala,0,0,24,2,17,0,,
2021-06-17,rupnagar (ropar),0,0,1,1,0,0,,
2021-06-17,s.a.s nagar,0,0,9,6,0,0,,
2021-06-17,sangrur,0,0,18,1,15,0,,
2021-06-17,shahidbhagat singh nagar(nawanshahr),1,0,7,1,6,0,,
2021-06-17,sri muktsar sahib,1,0,24,2,16,0,,
2021-06-17,tarn taran,2,0,9,1,8,0,,
2021-06-17,other states,0,1,57,6,37,0,,
2021-06-17,grand total,12,1,479,51,307,0,,
2021-06-16,amritsar,-1,0,42,4,37,0,,
2021-06-16,barnala,0,0,10,4,4,0,,
2021-06-16,bathinda,2,0,47,6,23,0,,
2021-06-16,faridkot,0,0,8,1,6,0,,
2021-06-16,fatehgarh sahib,1,0,6,1,4,0,,
2021-06-16,fazilka,0,0,13,1,8,0,,
2021-06-16,firozepur,2,0,11,1,4,0,,
2021-06-16,gurdaspur,0,0,19,3,15,0,,
2021-06-16,hoshiarpur,1,0,12,1,8,0,,
2021-06-16,jalandhar,0,0,36,6,17,0,,
2021-06-16,kapurthala,0,0,12,2,8,0,,
2021-06-16,ludhiana,5,0,84,8,49,0,,
2021-06-16,mansa,0,0,11,8,0,0,,
2021-06-16,moga,0,0,6,3,0,0,,
2021-06-16,pathankot,0,0,5,1,3,0,,
2021-06-16,patiala,2,0,24,1,18,0,,
2021-06-16,rupnagar (ropar),0,0,1,1,0,0,,
2021-06-16,s.a.s nagar,0,0,9,6,0,0,,
2021-06-16,sangrur,0,0,18,1,15,0,,
2021-06-16,shahidbhagat singh nagar(nawanshahr),0,0,6,1,5,0,,
2021-06-16,sri muktsar sahib,1,0,23,2,16,0,,
2021-06-16,tarn taran,0,0,7,1,6,0,,
2021-06-16,other states,3,0,57,5,39,0,,
2021-06-16,grand total,16,0,467,50,303,0,,
2021-06-15,amritsar,6,0,43,4,38,0,,
2021-06-15,barnala,1,0,10,4,4,0,,
2021-06-15,bathinda,-4,0,45,6,25,0,,
2021-06-15,faridkot,2,0,8,1,6,0,,
2021-06-15,fatehgarh sahib,1,0,5,1,4,0,,
2021-06-15,fazilka,-1,0,13,1,8,0,,
2021-06-15,firozepur,0,0,9,1,4,0,,
2021-06-15,gurdaspur,1,0,19,3,15,0,,
2021-06-15,hoshiarpur,0,0,11,1,8,0,,
2021-06-15,jalandhar,1,0,36,6,19,0,,
2021-06-15,kapurthala,0,0,12,2,8,0,,
2021-06-15,ludhiana,4,0,79,8,48,0,,
2021-06-15,mansa,-1,0,11,9,0,0,,
2021-06-15,moga,0,0,6,4,0,0,,
2021-06-15,pathankot,0,0,5,1,3,0,,
2021-06-15,patiala,0,0,22,1,16,0,,
2021-06-15,rupnagar (ropar),0,0,1,1,0,0,,
2021-06-15,s.a.s nagar,0,0,9,7,0,0,,
2021-06-15,sangrur,1,0,18,1,16,0,,
2021-06-15,shahidbhagat singh nagar(nawanshahr),0,0,6,1,5,0,,
2021-06-15,sri muktsar sahib,-2,0,22,2,16,0,,
2021-06-15,tarn taran,0,0,7,1,6,0,,
2021-06-15,other states,1,0,54,5,44,0,,
2021-06-15,grand total,10,0,451,50,314,0,,
2021-06-14,amritsar,0,0,37,4,32,0,,
2021-06-14,barnala,0,1,9,3,4,0,,
2021-06-14,bathinda,8,1,49,5,31,0,,
2021-06-14,faridkot,-1,0,6,1,4,0,,
2021-06-14,fatehgarh sahib,0,0,4,1,3,0,,
2021-06-14,fazilka,1,0,14,1,9,0,,
2021-06-14,firozepur,0,0,9,1,4,0,,
2021-06-14,gurdaspur,-1,-1,18,4,14,0,,
2021-06-14,hoshiarpur,0,0,11,1,8,0,,
2021-06-14,jalandhar,-3,-2,35,8,18,0,,
2021-06-14,kapurthala,0,0,12,2,8,0,,
2021-06-14,ludhiana,-1,0,75,8,45,0,,
2021-06-14,mansa,1,0,12,0,10,0,,
2021-06-14,moga,0,0,6,0,5,0,,
2021-06-14,pathankot,0,0,5,1,2,0,,
2021-06-14,patiala,1,0,22,1,16,0,,
2021-06-14,rupnagar (ropar),0,0,1,0,1,0,,
2021-06-14,s.a.s nagar,0,0,9,0,8,0,,
2021-06-14,sangrur,1,0,17,1,15,0,,
2021-06-14,shahidbhagat singh nagar(nawanshahr),0,0,6,1,5,0,,
2021-06-14,sri muktsar sahib,2,0,24,2,18,0,,
2021-06-14,tarn taran,0,0,7,1,6,0,,
2021-06-14,other states,2,1,53,4,42,0,,
2021-06-14,grand total,10,0,441,50,308,0,,
2021-06-13,amritsar,-2,0,37,4,32,0,,
2021-06-13,barnala,2,0,9,3,5,0,,
2021-06-13,bathinda,3,0,41,5,25,0,,
2021-06-13,faridkot,0,0,7,1,5,0,,
2021-06-13,fatehgarh sahib,0,0,4,1,3,0,,
2021-06-13,fazilka,0,0,13,1,9,0,,
2021-06-13,firozepur,-2,0,9,1,4,0,,
2021-06-13,gurdaspur,0,0,19,4,14,0,,
2021-06-13,hoshiarpur,0,0,11,1,8,0,,
2021-06-13,jalandhar,-1,0,38,8,19,0,,
2021-06-13,kapurthala,0,0,12,2,8,0,,
2021-06-13,ludhiana,6,0,76,8,46,0,,
2021-06-13,mansa,1,0,11,0,9,0,,
2021-06-13,moga,1,0,6,0,5,0,,
2021-06-13,pathankot,0,0,5,1,2,0,,
2021-06-13,patiala,-1,0,21,1,15,0,,
2021-06-13,rupnagar (ropar),0,0,1,0,1,0,,
2021-06-13,s.a.s nagar,0,0,9,0,8,0,,
2021-06-13,sangrur,1,0,16,1,14,0,,
2021-06-13,shahidbhagat singh nagar(nawanshahr),0,0,6,1,5,0,,
2021-06-13,sri muktsar sahib,2,0,22,2,16,0,,
2021-06-13,tarn taran,1,0,7,1,6,0,,
2021-06-13,other states,1,0,51,4,42,0,,
2021-06-13,grand total,12,0,431,50,301,0,,
2021-06-12,amritsar,2,0,39,4,34,0,,
2021-06-12,barnala,0,0,7,3,3,0,,
2021-06-12,bathinda,0,0,38,5,22,0,,
2021-06-12,faridkot,0,0,7,1,5,0,,
2021-06-12,fatehgarh sahib,0,0,4,1,3,0,,
2021-06-12,fazilka,0,0,13,1,9,0,,
2021-06-12,firozepur,1,0,11,1,6,0,,
2021-06-12,gurdaspur,0,0,19,4,14,0,,
2021-06-12,hoshiarpur,0,0,11,1,8,0,,
2021-06-12,jalandhar,0,0,39,8,20,0,,
2021-06-12,kapurthala,0,0,12,2,8,0,,
2021-06-12,ludhiana,1,0,70,8,44,0,,
2021-06-12,mansa,0,0,10,8,0,0,,
2021-06-12,moga,0,0,5,4,0,0,,
2021-06-12,pathankot,1,0,5,1,3,0,,
2021-06-12,patiala,0,0,22,1,15,0,,
2021-06-12,rupnagar (ropar),0,0,1,1,0,0,,
2021-06-12,s.a.s nagar,0,0,9,8,0,0,,
2021-06-12,sangrur,0,0,15,1,13,0,,
2021-06-12,shahidbhagat singh nagar(nawanshahr),0,0,6,1,5,0,,
2021-06-12,sri muktsar sahib,0,0,20,2,14,0,,
2021-06-12,tarn taran,0,0,6,1,5,0,,
2021-06-12,other states,0,0,50,4,41,0,,
2021-06-12,grand total,5,0,419,50,293,0,,
2021-06-11,amritsar,0,0,37,4,32,0,,
2021-06-11,barnala,0,0,7,3,3,0,,
2021-06-11,bathinda,1,0,38,5,22,0,,
2021-06-11,faridkot,0,0,7,1,5,0,,
2021-06-11,fatehgarh sahib,0,0,4,1,3,0,,
2021-06-11,fazilka,0,0,13,1,9,0,,
2021-06-11,firozepur,2,0,10,1,5,0,,
2021-06-11,gurdaspur,0,0,19,4,14,0,,
2021-06-11,hoshiarpur,0,0,11,1,8,0,,
2021-06-11,jalandhar,0,0,39,8,20,0,,
2021-06-11,kapurthala,0,1,12,2,8,0,,
2021-06-11,ludhiana,2,0,69,8,43,0,,
2021-06-11,mansa,1,0,10,8,0,0,,
2021-06-11,moga,0,0,5,4,0,0,,
2021-06-11,pathankot,0,0,4,1,2,0,,
2021-06-11,patiala,0,0,22,1,15,0,,
2021-06-11,rupnagar (ropar),0,0,1,1,0,0,,
2021-06-11,s.a.s nagar,0,0,9,8,0,0,,
2021-06-11,sangrur,0,0,15,1,13,0,,
2021-06-11,shahidbhagat singh nagar(nawanshahr),0,0,6,1,5,0,,
2021-06-11,sri muktsar sahib,0,0,20,2,14,0,,
2021-06-11,tarn taran,0,0,6,1,5,0,,
2021-06-11,other states,3,0,50,4,41,0,,
2021-06-11,grand total,9,1,414,50,288,0,,
2021-06-10,amritsar,0,0,37,4,32,0,,
2021-06-10,barnala,1,0,7,3,4,0,,
2021-06-10,bathinda,1,0,37,5,23,0,,
2021-06-10,faridkot,1,0,7,1,5,0,,
2021-06-10,fatehgarh sahib,0,0,4,1,3,0,,
2021-06-10,fazilka,0,0,13,1,10,0,,
2021-06-10,firozepur,0,0,8,1,4,0,,
2021-06-10,gurdaspur,0,0,19,4,14,0,,
2021-06-10,hoshiarpur,0,0,11,1,8,0,,
2021-06-10,jalandhar,0,0,39,8,20,0,,
2021-06-10,kapurthala,0,0,12,1,9,0,,
2021-06-10,ludhiana,0,0,67,8,43,0,,
2021-06-10,mansa,1,0,9,0,7,0,,
2021-06-10,moga,0,0,5,0,4,0,,
2021-06-10,pathankot,0,0,4,1,2,0,,
2021-06-10,patiala,0,0,22,1,15,0,,
2021-06-10,rupnagar (ropar),0,0,1,0,1,0,,
2021-06-10,s.a.s nagar,0,0,9,0,8,0,,
2021-06-10,sangrur,1,0,15,1,13,0,,
2021-06-10,shahid bhagat singh nagar(nawanshahr),0,0,6,1,5,0,,
2021-06-10,sri muktsar sahib,0,0,20,2,14,0,,
2021-06-10,tarn taran,0,0,6,1,5,0,,
2021-06-10,other states,1,0,47,4,38,0,,
2021-06-10,grand total,6,0,405,49,287,0,,
2021-06-09,amritsar,4,0,37,4,28,0,,
2021-06-09,barnala,-2,-1,6,3,4,0,,
2021-06-09,bathinda,-2,0,36,5,26,0,,
2021-06-09,faridkot,0,0,6,1,4,0,,
2021-06-09,fatehgarh sahib,0,0,4,1,3,0,,
2021-06-09,fazilka,0,0,13,1,10,0,,
2021-06-09,firozepur,0,0,8,1,4,0,,
2021-06-09,gurdaspur,4,0,19,4,10,0,,
2021-06-09,hoshiarpur,1,0,11,1,7,0,,
2021-06-09,jalandhar,2,0,39,8,19,0,,
2021-06-09,kapurthala,-4,0,12,1,13,0,,
2021-06-09,ludhiana,7,0,67,8,36,0,,
2021-06-09,mansa,-1,0,8,0,7,0,,
2021-06-09,moga,-1,0,5,0,6,0,,
2021-06-09,pathankot,2,0,4,1,1,0,,
2021-06-09,patiala,-1,-1,22,1,15,0,,
2021-06-09,rupnagar (ropar),1,0,1,0,0,0,,
2021-06-09,s.a.s nagar,0,0,9,0,8,0,,
2021-06-09,sangrur,1,0,14,1,11,0,,
2021-06-09,shahid bhagat singh nagar(nawanshahr),0,0,6,1,5,0,,
2021-06-09,sri muktsar sahib,-1,0,20,2,16,0,,
2021-06-09,tarn taran,1,0,6,1,4,0,,
2021-06-09,other states,-3,-1,46,4,39,0,,
2021-06-09,grand total,8,-3,399,49,276,0,,
2021-06-08,amritsar,0,0,33,4,28,0,,
2021-06-08,barnala,-1,0,8,4,4,0,,
2021-06-08,bathinda,2,0,38,5,26,0,,
2021-06-08,faridkot,0,0,6,1,4,0,,
2021-06-08,fatehgarh sahib,0,0,4,1,3,0,,
2021-06-08,fazilka,2,0,13,1,10,0,,
2021-06-08,firozepur,0,0,8,1,4,0,,
2021-06-08,gurdaspur,0,0,15,4,10,0,,
2021-06-08,hoshiarpur,1,0,10,1,7,0,,
2021-06-08,jalandhar,2,0,37,8,19,0,,
2021-06-08,kapurthala,-3,-1,16,1,13,0,,
2021-06-08,ludhiana,1,0,60,8,36,0,,
2021-06-08,mansa,0,0,9,0,7,0,,
2021-06-08,moga,2,0,6,0,6,0,,
2021-06-08,pathankot,0,0,2,1,1,0,,
2021-06-08,patiala,0,0,23,2,15,0,,
2021-06-08,rupnagar (ropar),-1,0,0,0,0,0,,
2021-06-08,s.a.s nagar,0,0,9,0,8,0,,
2021-06-08,sangrur,1,0,13,1,11,0,,
2021-06-08,shahidbhagat singhnagar (nawanshahr),1,0,6,1,5,0,,
2021-06-08,sri muktsar sahib,-1,1,21,2,16,0,,
2021-06-08,tarn taran,0,0,5,1,4,0,,
2021-06-08,other states,1,0,49,5,39,0,,
2021-06-08,grand total,7,0,391,52,276,0,,
2021-06-07,amritsar,2,0,33,4,28,0,,
2021-06-07,barnala,0,0,9,4,5,0,,
2021-06-07,bathinda,1,0,36,5,21,0,,
2021-06-07,faridkot,0,0,6,1,4,0,,
2021-06-07,fatehgarh sahib,0,0,4,1,3,0,,
2021-06-07,fazilka,0,0,11,1,8,0,,
2021-06-07,firozepur,-1,0,8,1,4,0,,
2021-06-07,gurdaspur,0,0,15,4,10,0,,
2021-06-07,hoshiarpur,0,0,9,1,6,0,,
2021-06-07,jalandhar,0,0,35,8,17,0,,
2021-06-07,kapurthala,2,0,19,2,15,0,,
2021-06-07,ludhiana,-1,0,59,8,35,0,,
2021-06-07,mansa,1,0,9,8,0,0,,
2021-06-07,moga,0,0,4,4,0,0,,
2021-06-07,pathankot,0,0,2,1,1,0,,
2021-06-07,patiala,-4,0,23,2,16,0,,
2021-06-07,rupnagar (ropar),0,0,1,1,0,0,,
2021-06-07,s.a.s nagar,0,0,9,8,0,0,,
2021-06-07,sangrur,-1,0,12,1,11,0,,
2021-06-07,shahidbhagat singhnagar (nawanshahr),2,0,5,1,4,0,,
2021-06-07,sri muktsar sahib,1,0,22,1,18,0,,
2021-06-07,tarn taran,0,0,5,1,4,0,,
2021-06-07,other states,1,-1,48,5,38,0,,
2021-06-07,grand total,3,-1,384,52,269,0,,
2021-06-06,amritsar,4,0,31,4,26,0,,
2021-06-06,barnala,0,0,9,4,5,0,,
2021-06-06,bathinda,1,1,35,5,20,0,,
2021-06-06,faridkot,0,0,6,1,4,0,,
2021-06-06,fatehgarh sahib,1,0,4,1,3,0,,
2021-06-06,fazilka,0,0,11,1,8,0,,
2021-06-06,firozepur,0,0,9,1,5,0,,
2021-06-06,gurdaspur,1,0,15,4,10,0,,
2021-06-06,hoshiarpur,0,0,9,1,6,0,,
2021-06-06,jalandhar,1,0,35,8,17,0,,
2021-06-06,kapurthala,0,0,17,2,13,0,,
2021-06-06,ludhiana,0,0,60,8,37,0,,
2021-06-06,mansa,0,-1,8,7,0,0,,
2021-06-06,moga,1,0,4,4,0,0,,
2021-06-06,pathankot,0,0,2,1,1,0,,
2021-06-06,patiala,2,0,27,2,19,0,,
2021-06-06,rupnagar (ropar),0,0,1,1,0,0,,
2021-06-06,s.a.s nagar,0,0,9,8,0,0,,
2021-06-06,sangrur,1,0,13,1,12,0,,
2021-06-06,shahid bhagat singh nagar(nawanshahr),0,0,3,1,2,0,,
2021-06-06,sri muktsar sahib,0,0,21,1,17,0,,
2021-06-06,tarn taran,0,0,5,1,4,0,,
2021-06-06,other states,0,0,47,6,36,0,,
2021-06-06,grand total,12,0,381,53,265,0,,
2021-06-04,amritsar,3,0,26,4,21,0,,
2021-06-04,barnala,1,0,9,4,5,0,,
2021-06-04,bathinda,3,0,34,3,21,0,,
2021-06-04,faridkot,1,0,6,1,4,0,,
2021-06-04,fatehgarh sahib,0,0,3,1,2,0,,
2021-06-04,fazilka,0,0,11,1,8,0,,
2021-06-04,firozepur,0,0,9,1,5,0,,
2021-06-04,gurdaspur,0,0,14,4,10,0,,
2021-06-04,hoshiarpur,2,0,8,1,6,0,,
2021-06-04,jalandhar,-3,0,33,8,20,0,,
2021-06-04,kapurthala,2,1,17,2,14,0,,
2021-06-04,ludhiana,2,2,60,8,38,0,,
2021-06-04,mansa,0,0,8,1,6,0,,
2021-06-04,moga,1,0,3,3,0,0,,
2021-06-04,pathankot,0,0,2,1,1,0,,
2021-06-04,patiala,3,0,24,2,18,0,,
2021-06-04,rupnagar (ropar),0,0,1,1,0,0,,
2021-06-04,s.a.s nagar,1,0,9,8,0,0,,
2021-06-04,sangrur,0,0,11,1,10,0,,
2021-06-04,shahidbhagat singh nagar(nawanshahr),0,0,3,1,2,0,,
2021-06-04,sri muktsar sahib,1,0,20,1,16,0,,
2021-06-04,tarn taran,2,0,5,1,4,0,,
2021-06-04,other states,0,0,46,6,35,0,,
2021-06-04,grand total,19,3,362,52,258,0,,
2021-06-03,amritsar,3,1,23,4,18,0,,
2021-06-03,barnala,1,1,8,4,4,0,,
2021-06-03,bathinda,2,0,31,3,20,0,,
2021-06-03,faridkot,0,0,5,1,3,0,,
2021-06-03,fatehgarh sahib,0,0,3,1,2,0,,
2021-06-03,fazilka,0,0,11,1,8,0,,
2021-06-03,firozepur,-1,0,9,1,5,0,,
2021-06-03,gurdaspur,2,0,14,4,10,0,,
2021-06-03,hoshiarpur,0,0,6,1,4,0,,
2021-06-03,jalandhar,3,0,36,8,25,0,,
2021-06-03,kapurthala,0,0,15,1,13,0,,
2021-06-03,ludhiana,6,0,58,6,47,0,,
2021-06-03,mansa,0,0,8,1,6,0,,
2021-06-03,moga,0,0,2,2,0,0,,
2021-06-03,pathankot,0,0,2,1,1,0,,
2021-06-03,patiala,2,0,21,2,15,0,,
2021-06-03,rupnagar,0,0,1,1,0,0,,
2021-06-03,s.a.s nagar,0,0,8,8,0,0,,
2021-06-03,sangrur,0,0,11,1,10,0,,
2021-06-03,sbs nagar,1,1,3,1,2,0,,
2021-06-03,sri muktsar sahib,1,0,19,1,17,0,,
2021-06-03,tarn taran,0,0,3,1,2,0,,
2021-06-03,other states,3,0,46,6,38,0,,
2021-06-03,grand total,23,3,343,49,261,0,,
2021-06-01,amritsar,2,1,18,3,15,0,,
2021-06-01,barnala,0,0,10,6,4,0,,
2021-06-01,bathinda,1,0,27,3,17,0,,
2021-06-01,faridkot,0,0,4,4,0,0,,
2021-06-01,fatehgarh sahib,0,0,3,1,2,0,,
2021-06-01,fazilka,2,0,10,1,8,0,,
2021-06-01,firozepur,1,1,8,1,5,0,,
2021-06-01,gurdaspur,1,0,12,4,8,0,,
2021-06-01,hoshiarpur,0,0,6,1,4,0,,
2021-06-01,jalandhar,7,2,31,8,20,0,,
2021-06-01,kapurthala,0,0,14,1,12,0,,
2021-06-01,ludhiana,2,0,48,6,38,0,,
2021-06-01,mansa,0,0,8,7,0,0,,
2021-06-01,moga,0,0,2,2,0,0,,
2021-06-01,pathankot,0,0,2,1,1,0,,
2021-06-01,patiala,0,0,17,2,14,0,,
2021-06-01,rupnagar (ropar),1,0,1,1,0,0,,
2021-06-01,s.a.s nagar,0,0,8,8,0,0,,
2021-06-01,sangrur,1,0,10,1,9,0,,
2021-06-01,shahid bhagat singhnagar (nawanshahr),0,0,2,2,0,0,,
2021-06-01,sri muktsarsahib,1,0,15,1,13,0,,
2021-06-01,tarn taran,0,0,3,1,2,0,,
2021-06-01,other states,0,0,41,2,38,0,,
2021-06-01,grand total,19,4,300,43,234,0,,
